#
# There is insufficient memory for the Java Runtime Environment to continue.
# Native memory allocation (malloc) failed to allocate 1086896 bytes. Error detail: Chunk::new
# Possible reasons:
#   The system is out of physical RAM or swap space
#   This process is running with CompressedOops enabled, and the Java Heap may be blocking the growth of the native heap
# Possible solutions:
#   Reduce memory load on the system
#   Increase physical memory or swap space
#   Check if swap backing store is full
#   Decrease Java heap size (-Xmx/-Xms)
#   Decrease number of Java threads
#   Decrease Java thread stack sizes (-Xss)
#   Set larger code cache with -XX:ReservedCodeCacheSize=
#   JVM is running with Zero Based Compressed Oops mode in which the Java heap is
#     placed in the first 32GB address space. The Java Heap base address is the
#     maximum limit for the native heap growth. Please use -XX:HeapBaseMinAddress
#     to set the Java Heap base and to place the Java Heap above 32GB virtual address.
# This output file may be truncated or incomplete.
#
#  Out of Memory Error (arena.cpp:168), pid=22432, tid=25724
#
# JRE version: OpenJDK Runtime Environment Temurin-21.0.11+10 (21.0.11+10) (build 21.0.11+10-LTS)
# Java VM: OpenJDK 64-Bit Server VM Temurin-21.0.11+10 (21.0.11+10-LTS, mixed mode, sharing, tiered, compressed oops, compressed class ptrs, g1 gc, windows-amd64)
# No core dump will be written. Minidumps are not enabled by default on client versions of Windows
#

---------------  S U M M A R Y ------------

Command Line: --add-opens=java.base/java.lang=ALL-UNNAMED --add-opens=java.base/java.lang.invoke=ALL-UNNAMED --add-opens=java.base/java.util=ALL-UNNAMED --add-opens=java.prefs/java.util.prefs=ALL-UNNAMED --add-exports=jdk.compiler/com.sun.tools.javac.api=ALL-UNNAMED --add-exports=jdk.compiler/com.sun.tools.javac.util=ALL-UNNAMED --add-opens=java.base/java.util=ALL-UNNAMED --add-opens=java.prefs/java.util.prefs=ALL-UNNAMED --add-opens=java.base/java.nio.charset=ALL-UNNAMED --add-opens=java.base/java.net=ALL-UNNAMED --add-opens=java.base/java.util.concurrent.atomic=ALL-UNNAMED --add-opens=java.xml/javax.xml.namespace=ALL-UNNAMED -XX:MaxMetaspaceSize=1g -Xmx4g -Dfile.encoding=UTF-8 -Duser.country=FR -Duser.language=fr -Duser.variant -javaagent:C:\Users\zakar\.gradle\wrapper\dists\gradle-8.11.1-bin\bpt9gzteqjrbo1mjrsomdt32c\gradle-8.11.1\lib\agents\gradle-instrumentation-agent-8.11.1.jar org.gradle.launcher.daemon.bootstrap.GradleDaemon 8.11.1

Host: Intel(R) Core(TM) 5 120U, 12 cores, 15G,  Windows 11 , 64 bit Build 26100 (10.0.26100.8875)
Time: Mon Aug  3 15:01:01 2026 elapsed time: 353.352869 seconds (0d 0h 5m 53s)

---------------  T H R E A D  ---------------

Current thread (0x000002344513a870):  JavaThread "C2 CompilerThread2" daemon [_thread_in_native, id=25724, stack(0x000000f53ac00000,0x000000f53ad00000) (1024K)]


Current CompileTask:
C2:353352 22978   !   4       org.gradle.api.internal.artifacts.query.DefaultArtifactResolutionQuery::addArtifacts (177 bytes)

Stack: [0x000000f53ac00000,0x000000f53ad00000]
Native frames: (J=compiled Java code, j=interpreted, Vv=VM code, C=native code)
V  [jvm.dll+0x6d7e19]
V  [jvm.dll+0x8b5096]
V  [jvm.dll+0x8b764e]
V  [jvm.dll+0x8b7d33]
V  [jvm.dll+0x284596]
V  [jvm.dll+0xc685d]
V  [jvm.dll+0xc6da1]
V  [jvm.dll+0x3bed31]
V  [jvm.dll+0x38b2b2]
V  [jvm.dll+0x38a6fa]
V  [jvm.dll+0x24c700]
V  [jvm.dll+0x24bce0]
V  [jvm.dll+0x1cb4ae]
V  [jvm.dll+0x25baad]
V  [jvm.dll+0x25a03a]
V  [jvm.dll+0x3f868e]
V  [jvm.dll+0x85fb0d]
V  [jvm.dll+0x6d664d]
C  [ucrtbase.dll+0x2cd30]
C  [KERNEL32.DLL+0x2e957]
C  [ntdll.dll+0xaad6c]


---------------  P R O C E S S  ---------------

Threads class SMR info:
_java_thread_list=0x00000234462274a0, length=159, elements={
0x000002346de8ee30, 0x00000234767d0750, 0x00000234767d31c0, 0x00000234767d4750,
0x00000234767d51b0, 0x00000234767d5c10, 0x00000234767d6670, 0x00000234767d7400,
0x00000234767d8640, 0x000002347951b660, 0x0000023479455180, 0x000002347f0897b0,
0x000002347ee51350, 0x000002347f088b70, 0x000002347e2283e0, 0x000002347e227030,
0x000002347e227d50, 0x000002347e2255f0, 0x00000234449fbea0, 0x00000234449f9dd0,
0x00000234449fcbc0, 0x00000234449fa460, 0x00000234449ff9b0, 0x000002347f3c33f0,
0x000002347f3c7590, 0x000002347f3c5b50, 0x000002347f3c7c20, 0x000002347f3c6f00,
0x000002347f3c82b0, 0x00000234458d1ba0, 0x0000023445af3da0, 0x0000023445af4ac0,
0x0000023445a7d850, 0x0000023445a819f0, 0x0000023445a82da0, 0x0000023444f83780,
0x0000023444f81020, 0x0000023444f816b0, 0x0000023444f82a60, 0x0000023444f844a0,
0x0000023444f84b30, 0x0000023444f83e10, 0x0000023445ff79d0, 0x00000234450c21d0,
0x0000023479438320, 0x0000023445ce30a0, 0x0000023445ce3730, 0x0000023479434ea0,
0x0000023445ce2a10, 0x00000234462a9dc0, 0x00000234455f6dd0, 0x0000023447281f00,
0x0000023447280b50, 0x0000023446547340, 0x00000234465479d0, 0x0000023445428fc0,
0x0000023445426ef0, 0x00000234454282a0, 0x0000023445428930, 0x0000023445425b40,
0x00000234454261d0, 0x0000023445427580, 0x0000023445427c10, 0x0000023445ea4bf0,
0x0000023445ea5280, 0x000002344d0fbb80, 0x000002344848aca0, 0x000002344848b330,
0x000002344848b9c0, 0x000002344848cd70, 0x0000023445ff8d80, 0x00000234458ce720,
0x00000234458cfad0, 0x00000234458d2230, 0x00000234458cedb0, 0x00000234458d28c0,
0x00000234458d0160, 0x00000234458d07f0, 0x00000234458d0e80, 0x00000234458cf440,
0x00000234484898f0, 0x000002344848c6e0, 0x0000023448489f80, 0x000002344848a610,
0x0000023447fdbbc0, 0x0000023447fda810, 0x0000023447fdc250, 0x0000023447fda180,
0x0000023447fdb530, 0x0000023447fd8dd0, 0x0000023447fd9460, 0x0000023447fd9af0,
0x000002347fc1c700, 0x000002347fc1d420, 0x00000234462a90a0, 0x0000023444aa7530,
0x0000023444aa6810, 0x000002347f41d1c0, 0x000002347f41aa60, 0x000002347f41cb30,
0x000002347f41c4a0, 0x000002347f41be10, 0x000002347f419d40, 0x000002347f41a3d0,
0x000002347f41b0f0, 0x000002347f41b780, 0x00000234451434e0, 0x0000023445144890,
0x0000023445142e50, 0x0000023445142130, 0x00000234451427c0, 0x0000023445141410,
0x0000023445144200, 0x0000023445141aa0, 0x0000023445ff8060, 0x0000023445ff6cb0,
0x000002347fc1cd90, 0x00000234466368a0, 0x0000023446636f30, 0x00000234466375c0,
0x0000023446638970, 0x0000023446639000, 0x0000023446639690, 0x0000023446636210,
0x0000023446637c50, 0x00000234466382e0, 0x0000023447253420, 0x0000023447252070,
0x0000023447252700, 0x000002344d0fae60, 0x000002344d0fa7d0, 0x000002344d0fdc50,
0x000002344d0fb4f0, 0x000002344d0fc210, 0x000002344d0fc8a0, 0x000002344d0fcf30,
0x000002344d0fd5c0, 0x0000023446ff11c0, 0x00000234462a8a10, 0x00000234462a6fd0,
0x00000234462a9730, 0x00000234462a7660, 0x00000234462a7cf0, 0x0000023445143b70,
0x0000023444d57fa0, 0x0000023444d58cc0, 0x0000023444d59350, 0x0000023444d58630,
0x0000023446609ea0, 0x000002344660a530, 0x0000023446545270, 0x0000023446546620,
0x0000023446544550, 0x0000023446544be0, 0x0000023446545900, 0x0000023446546cb0,
0x0000023445ff86f0, 0x000002344513def0, 0x000002344513a870
}

Java Threads: ( => current thread )
  0x000002346de8ee30 JavaThread "main"                              [_thread_blocked, id=17752, stack(0x000000f530700000,0x000000f530800000) (1024K)]
  0x00000234767d0750 JavaThread "Reference Handler"          daemon [_thread_blocked, id=9684, stack(0x000000f530f00000,0x000000f531000000) (1024K)]
  0x00000234767d31c0 JavaThread "Finalizer"                  daemon [_thread_blocked, id=6148, stack(0x000000f531000000,0x000000f531100000) (1024K)]
  0x00000234767d4750 JavaThread "Signal Dispatcher"          daemon [_thread_blocked, id=30712, stack(0x000000f531100000,0x000000f531200000) (1024K)]
  0x00000234767d51b0 JavaThread "Attach Listener"            daemon [_thread_blocked, id=24128, stack(0x000000f531200000,0x000000f531300000) (1024K)]
  0x00000234767d5c10 JavaThread "Service Thread"             daemon [_thread_blocked, id=26300, stack(0x000000f531300000,0x000000f531400000) (1024K)]
  0x00000234767d6670 JavaThread "Monitor Deflation Thread"   daemon [_thread_blocked, id=6264, stack(0x000000f531400000,0x000000f531500000) (1024K)]
  0x00000234767d7400 JavaThread "C2 CompilerThread0"         daemon [_thread_in_native, id=13620, stack(0x000000f531500000,0x000000f531600000) (1024K)]
  0x00000234767d8640 JavaThread "C1 CompilerThread0"         daemon [_thread_blocked, id=30596, stack(0x000000f531600000,0x000000f531700000) (1024K)]
  0x000002347951b660 JavaThread "Common-Cleaner"             daemon [_thread_blocked, id=19340, stack(0x000000f531700000,0x000000f531800000) (1024K)]
  0x0000023479455180 JavaThread "Notification Thread"        daemon [_thread_blocked, id=27628, stack(0x000000f531800000,0x000000f531900000) (1024K)]
  0x000002347f0897b0 JavaThread "Daemon health stats"               [_thread_blocked, id=18652, stack(0x000000f531a00000,0x000000f531b00000) (1024K)]
  0x000002347ee51350 JavaThread "Incoming local TCP Connector on port 64997"        [_thread_in_native, id=22028, stack(0x000000f531900000,0x000000f531a00000) (1024K)]
  0x000002347f088b70 JavaThread "Daemon periodic checks"            [_thread_blocked, id=17756, stack(0x000000f532000000,0x000000f532100000) (1024K)]
  0x000002347e2283e0 JavaThread "Cache worker for journal cache (C:\Users\zakar\.gradle\caches\journal-1)"        [_thread_blocked, id=9932, stack(0x000000f532c00000,0x000000f532d00000) (1024K)]
  0x000002347e227030 JavaThread "File lock request listener"        [_thread_in_native, id=20668, stack(0x000000f532d00000,0x000000f532e00000) (1024K)]
  0x000002347e227d50 JavaThread "Cache worker for file hash cache (C:\Users\zakar\.gradle\caches\8.11.1\fileHashes)"        [_thread_blocked, id=24664, stack(0x000000f532f00000,0x000000f533000000) (1024K)]
  0x000002347e2255f0 JavaThread "Cache worker for file content cache (C:\Users\zakar\.gradle\caches\8.11.1\fileContent)"        [_thread_blocked, id=4532, stack(0x000000f533100000,0x000000f533200000) (1024K)]
  0x00000234449fbea0 JavaThread "File watcher server"        daemon [_thread_in_native, id=1604, stack(0x000000f533600000,0x000000f533700000) (1024K)]
  0x00000234449f9dd0 JavaThread "File watcher consumer"      daemon [_thread_blocked, id=16728, stack(0x000000f533700000,0x000000f533800000) (1024K)]
  0x00000234449fcbc0 JavaThread "jar transforms"                    [_thread_blocked, id=3876, stack(0x000000f533c00000,0x000000f533d00000) (1024K)]
  0x00000234449fa460 JavaThread "jar transforms Thread 2"           [_thread_blocked, id=18872, stack(0x000000f533d00000,0x000000f533e00000) (1024K)]
  0x00000234449ff9b0 JavaThread "jar transforms Thread 3"           [_thread_blocked, id=18416, stack(0x000000f533b00000,0x000000f533c00000) (1024K)]
  0x000002347f3c33f0 JavaThread "jar transforms Thread 4"           [_thread_blocked, id=31908, stack(0x000000f534b00000,0x000000f534c00000) (1024K)]
  0x000002347f3c7590 JavaThread "jar transforms Thread 5"           [_thread_blocked, id=30544, stack(0x000000f534d00000,0x000000f534e00000) (1024K)]
  0x000002347f3c5b50 JavaThread "jar transforms Thread 6"           [_thread_blocked, id=27300, stack(0x000000f534c00000,0x000000f534d00000) (1024K)]
  0x000002347f3c7c20 JavaThread "Memory manager"                    [_thread_blocked, id=20532, stack(0x000000f534f00000,0x000000f535000000) (1024K)]
  0x000002347f3c6f00 JavaThread "jar transforms Thread 7"           [_thread_blocked, id=17552, stack(0x000000f535000000,0x000000f535100000) (1024K)]
  0x000002347f3c82b0 JavaThread "jar transforms Thread 8"           [_thread_blocked, id=19196, stack(0x000000f535100000,0x000000f535200000) (1024K)]
  0x00000234458d1ba0 JavaThread "jar transforms Thread 9"           [_thread_blocked, id=25164, stack(0x000000f537f00000,0x000000f538000000) (1024K)]
  0x0000023445af3da0 JavaThread "jar transforms Thread 10"          [_thread_blocked, id=30184, stack(0x000000f537e00000,0x000000f537f00000) (1024K)]
  0x0000023445af4ac0 JavaThread "jar transforms Thread 11"          [_thread_blocked, id=2192, stack(0x000000f53a100000,0x000000f53a200000) (1024K)]
  0x0000023445a7d850 JavaThread "jar transforms Thread 12"          [_thread_blocked, id=29936, stack(0x000000f53c400000,0x000000f53c500000) (1024K)]
  0x0000023445a819f0 JavaThread "ForkJoinPool.commonPool-worker-1" daemon [_thread_blocked, id=29548, stack(0x000000f53c500000,0x000000f53c600000) (1024K)]
  0x0000023445a82da0 JavaThread "ForkJoinPool.commonPool-worker-2" daemon [_thread_blocked, id=27688, stack(0x000000f53c600000,0x000000f53c700000) (1024K)]
  0x0000023444f83780 JavaThread "ForkJoinPool.commonPool-worker-3" daemon [_thread_blocked, id=17240, stack(0x000000f53c700000,0x000000f53c800000) (1024K)]
  0x0000023444f81020 JavaThread "ForkJoinPool.commonPool-worker-4" daemon [_thread_blocked, id=17244, stack(0x000000f53c800000,0x000000f53c900000) (1024K)]
  0x0000023444f816b0 JavaThread "ForkJoinPool.commonPool-worker-6" daemon [_thread_blocked, id=25108, stack(0x000000f53c900000,0x000000f53ca00000) (1024K)]
  0x0000023444f82a60 JavaThread "ForkJoinPool.commonPool-worker-5" daemon [_thread_blocked, id=31876, stack(0x000000f53ca00000,0x000000f53cb00000) (1024K)]
  0x0000023444f844a0 JavaThread "ForkJoinPool.commonPool-worker-7" daemon [_thread_blocked, id=32128, stack(0x000000f53cb00000,0x000000f53cc00000) (1024K)]
  0x0000023444f84b30 JavaThread "ForkJoinPool.commonPool-worker-9" daemon [_thread_blocked, id=25808, stack(0x000000f53cd00000,0x000000f53ce00000) (1024K)]
  0x0000023444f83e10 JavaThread "ForkJoinPool.commonPool-worker-10" daemon [_thread_blocked, id=30776, stack(0x000000f53ce00000,0x000000f53cf00000) (1024K)]
  0x0000023445ff79d0 JavaThread "Daemon Thread 2"                   [_thread_blocked, id=10688, stack(0x000000f530500000,0x000000f530600000) (1024K)]
  0x00000234450c21d0 JavaThread "Daemon worker Thread 2"            [_thread_blocked, id=25792, stack(0x000000f532700000,0x000000f532800000) (1024K)]
  0x0000023479438320 JavaThread "included builds"                   [_thread_blocked, id=5916, stack(0x000000f534500000,0x000000f534600000) (1024K)]
  0x0000023445ce30a0 JavaThread "ForkJoinPool.commonPool-worker-12" daemon [_thread_blocked, id=3156, stack(0x000000f539d00000,0x000000f539e00000) (1024K)]
  0x0000023445ce3730 JavaThread "ForkJoinPool.commonPool-worker-13" daemon [_thread_blocked, id=30052, stack(0x000000f539e00000,0x000000f539f00000) (1024K)]
  0x0000023479434ea0 JavaThread "VFS cleanup Thread 2"              [_thread_blocked, id=11928, stack(0x000000f532800000,0x000000f532900000) (1024K)]
  0x0000023445ce2a10 JavaThread "included builds"                   [_thread_blocked, id=5136, stack(0x000000f534600000,0x000000f534700000) (1024K)]
  0x00000234462a9dc0 JavaThread "included builds"                   [_thread_blocked, id=24976, stack(0x000000f534700000,0x000000f534800000) (1024K)]
  0x00000234455f6dd0 JavaThread "included builds"                   [_thread_blocked, id=28012, stack(0x000000f534800000,0x000000f534900000) (1024K)]
  0x0000023447281f00 JavaThread "Handler for socket connection from /127.0.0.1:64997 to /127.0.0.1:63763"        [_thread_in_native, id=27756, stack(0x000000f532500000,0x000000f532600000) (1024K)]
  0x0000023447280b50 JavaThread "Cancel handler"                    [_thread_blocked, id=4172, stack(0x000000f532600000,0x000000f532700000) (1024K)]
  0x0000023446547340 JavaThread "Asynchronous log dispatcher for DefaultDaemonConnection: socket connection from /127.0.0.1:64997 to /127.0.0.1:63763"        [_thread_blocked, id=28180, stack(0x000000f532900000,0x000000f532a00000) (1024K)]
  0x00000234465479d0 JavaThread "Stdin handler"                     [_thread_blocked, id=25672, stack(0x000000f532a00000,0x000000f532b00000) (1024K)]
  0x0000023445428fc0 JavaThread "Daemon client event forwarder"        [_thread_blocked, id=22388, stack(0x000000f532b00000,0x000000f532c00000) (1024K)]
  0x0000023445426ef0 JavaThread "Cache worker for file hash cache (C:\Users\zakar\Documents\axelor-LVME\open-suite-webapp\.gradle\8.11.1\fileHashes)"        [_thread_blocked, id=3340, stack(0x000000f532e00000,0x000000f532f00000) (1024K)]
  0x00000234454282a0 JavaThread "Cache worker for Build Output Cleanup Cache (C:\Users\zakar\Documents\axelor-LVME\open-suite-webapp\.gradle\buildOutputCleanup)"        [_thread_blocked, id=15792, stack(0x000000f533000000,0x000000f533100000) (1024K)]
  0x0000023445428930 JavaThread "Cache worker for Build Output Cleanup Cache (C:\Users\zakar\Documents\axelor-LVME\open-suite-webapp\buildSrc\.gradle\buildOutputCleanup)"        [_thread_blocked, id=836, stack(0x000000f533400000,0x000000f533500000) (1024K)]
  0x0000023445425b40 JavaThread "Cache worker for checksums cache (C:\Users\zakar\Documents\axelor-LVME\open-suite-webapp\.gradle\8.11.1\checksums)"        [_thread_blocked, id=676, stack(0x000000f533500000,0x000000f533600000) (1024K)]
  0x00000234454261d0 JavaThread "Cache worker for cache directory md-rule (C:\Users\zakar\.gradle\caches\8.11.1\md-rule)"        [_thread_blocked, id=1648, stack(0x000000f533800000,0x000000f533900000) (1024K)]
  0x0000023445427580 JavaThread "Cache worker for cache directory md-supplier (C:\Users\zakar\.gradle\caches\8.11.1\md-supplier)"        [_thread_blocked, id=31860, stack(0x000000f533900000,0x000000f533a00000) (1024K)]
  0x0000023445427c10 JavaThread "Unconstrained build operations"        [_thread_blocked, id=18740, stack(0x000000f533a00000,0x000000f533b00000) (1024K)]
  0x0000023445ea4bf0 JavaThread "Unconstrained build operations Thread 2"        [_thread_blocked, id=32560, stack(0x000000f533e00000,0x000000f533f00000) (1024K)]
  0x0000023445ea5280 JavaThread "Unconstrained build operations Thread 3"        [_thread_blocked, id=31780, stack(0x000000f533f00000,0x000000f534000000) (1024K)]
  0x000002344d0fbb80 JavaThread "Unconstrained build operations Thread 4"        [_thread_blocked, id=32296, stack(0x000000f534000000,0x000000f534100000) (1024K)]
  0x000002344848aca0 JavaThread "Unconstrained build operations Thread 5"        [_thread_blocked, id=21860, stack(0x000000f534100000,0x000000f534200000) (1024K)]
  0x000002344848b330 JavaThread "Unconstrained build operations Thread 6"        [_thread_blocked, id=30424, stack(0x000000f534200000,0x000000f534300000) (1024K)]
  0x000002344848b9c0 JavaThread "Unconstrained build operations Thread 7"        [_thread_blocked, id=17152, stack(0x000000f534300000,0x000000f534400000) (1024K)]
  0x000002344848cd70 JavaThread "Unconstrained build operations Thread 8"        [_thread_blocked, id=31776, stack(0x000000f534400000,0x000000f534500000) (1024K)]
  0x0000023445ff8d80 JavaThread "included builds"                   [_thread_blocked, id=12580, stack(0x000000f534a00000,0x000000f534b00000) (1024K)]
  0x00000234458ce720 JavaThread "Execution worker"                  [_thread_blocked, id=20728, stack(0x000000f534e00000,0x000000f534f00000) (1024K)]
  0x00000234458cfad0 JavaThread "Execution worker Thread 2"         [_thread_blocked, id=14076, stack(0x000000f535200000,0x000000f535300000) (1024K)]
  0x00000234458d2230 JavaThread "Execution worker Thread 3"         [_thread_blocked, id=14744, stack(0x000000f535300000,0x000000f535400000) (1024K)]
  0x00000234458cedb0 JavaThread "Execution worker Thread 4"         [_thread_blocked, id=10192, stack(0x000000f535400000,0x000000f535500000) (1024K)]
  0x00000234458d28c0 JavaThread "Execution worker Thread 5"         [_thread_blocked, id=16768, stack(0x000000f535500000,0x000000f535600000) (1024K)]
  0x00000234458d0160 JavaThread "Execution worker Thread 6"         [_thread_blocked, id=27236, stack(0x000000f535600000,0x000000f535700000) (1024K)]
  0x00000234458d07f0 JavaThread "Execution worker Thread 7"         [_thread_blocked, id=26868, stack(0x000000f535700000,0x000000f535800000) (1024K)]
  0x00000234458d0e80 JavaThread "Execution worker Thread 8"         [_thread_blocked, id=24700, stack(0x000000f535800000,0x000000f535900000) (1024K)]
  0x00000234458cf440 JavaThread "Execution worker Thread 9"         [_thread_blocked, id=2224, stack(0x000000f535900000,0x000000f535a00000) (1024K)]
  0x00000234484898f0 JavaThread "Execution worker Thread 10"        [_thread_blocked, id=13040, stack(0x000000f535a00000,0x000000f535b00000) (1024K)]
  0x000002344848c6e0 JavaThread "Execution worker Thread 11"        [_thread_blocked, id=6896, stack(0x000000f535b00000,0x000000f535c00000) (1024K)]
  0x0000023448489f80 JavaThread "Cache worker for execution history cache (C:\Users\zakar\Documents\axelor-LVME\open-suite-webapp\buildSrc\.gradle\8.11.1\executionHistory)"        [_thread_blocked, id=18528, stack(0x000000f535c00000,0x000000f535d00000) (1024K)]
  0x000002344848a610 JavaThread "Unconstrained build operations Thread 9"        [_thread_blocked, id=25248, stack(0x000000f535d00000,0x000000f535e00000) (1024K)]
  0x0000023447fdbbc0 JavaThread "Unconstrained build operations Thread 10"        [_thread_blocked, id=28060, stack(0x000000f535e00000,0x000000f535f00000) (1024K)]
  0x0000023447fda810 JavaThread "Unconstrained build operations Thread 11"        [_thread_blocked, id=17964, stack(0x000000f535f00000,0x000000f536000000) (1024K)]
  0x0000023447fdc250 JavaThread "Unconstrained build operations Thread 12"        [_thread_blocked, id=31000, stack(0x000000f536000000,0x000000f536100000) (1024K)]
  0x0000023447fda180 JavaThread "Unconstrained build operations Thread 13"        [_thread_blocked, id=17732, stack(0x000000f536100000,0x000000f536200000) (1024K)]
  0x0000023447fdb530 JavaThread "Unconstrained build operations Thread 14"        [_thread_blocked, id=17376, stack(0x000000f536200000,0x000000f536300000) (1024K)]
  0x0000023447fd8dd0 JavaThread "Unconstrained build operations Thread 15"        [_thread_blocked, id=8856, stack(0x000000f536300000,0x000000f536400000) (1024K)]
  0x0000023447fd9460 JavaThread "Unconstrained build operations Thread 16"        [_thread_blocked, id=21288, stack(0x000000f536400000,0x000000f536500000) (1024K)]
  0x0000023447fd9af0 JavaThread "Unconstrained build operations Thread 17"        [_thread_blocked, id=30748, stack(0x000000f536500000,0x000000f536600000) (1024K)]
  0x000002347fc1c700 JavaThread "Unconstrained build operations Thread 18"        [_thread_blocked, id=1996, stack(0x000000f536600000,0x000000f536700000) (1024K)]
  0x000002347fc1d420 JavaThread "Unconstrained build operations Thread 19"        [_thread_blocked, id=21536, stack(0x000000f536700000,0x000000f536800000) (1024K)]
  0x00000234462a90a0 JavaThread "Unconstrained build operations Thread 20"        [_thread_blocked, id=20680, stack(0x000000f536800000,0x000000f536900000) (1024K)]
  0x0000023444aa7530 JavaThread "Unconstrained build operations Thread 21"        [_thread_blocked, id=32148, stack(0x000000f536900000,0x000000f536a00000) (1024K)]
  0x0000023444aa6810 JavaThread "Unconstrained build operations Thread 22"        [_thread_blocked, id=13024, stack(0x000000f536a00000,0x000000f536b00000) (1024K)]
  0x000002347f41d1c0 JavaThread "Unconstrained build operations Thread 23"        [_thread_blocked, id=11968, stack(0x000000f536b00000,0x000000f536c00000) (1024K)]
  0x000002347f41aa60 JavaThread "Unconstrained build operations Thread 24"        [_thread_blocked, id=3256, stack(0x000000f536c00000,0x000000f536d00000) (1024K)]
  0x000002347f41cb30 JavaThread "Unconstrained build operations Thread 25"        [_thread_blocked, id=14360, stack(0x000000f536d00000,0x000000f536e00000) (1024K)]
  0x000002347f41c4a0 JavaThread "Unconstrained build operations Thread 26"        [_thread_blocked, id=688, stack(0x000000f536e00000,0x000000f536f00000) (1024K)]
  0x000002347f41be10 JavaThread "Unconstrained build operations Thread 27"        [_thread_blocked, id=23604, stack(0x000000f536f00000,0x000000f537000000) (1024K)]
  0x000002347f419d40 JavaThread "Unconstrained build operations Thread 28"        [_thread_blocked, id=12556, stack(0x000000f537000000,0x000000f537100000) (1024K)]
  0x000002347f41a3d0 JavaThread "Unconstrained build operations Thread 29"        [_thread_blocked, id=20408, stack(0x000000f537100000,0x000000f537200000) (1024K)]
  0x000002347f41b0f0 JavaThread "Unconstrained build operations Thread 30"        [_thread_blocked, id=9260, stack(0x000000f537200000,0x000000f537300000) (1024K)]
  0x000002347f41b780 JavaThread "Unconstrained build operations Thread 31"        [_thread_blocked, id=28316, stack(0x000000f537300000,0x000000f537400000) (1024K)]
  0x00000234451434e0 JavaThread "Unconstrained build operations Thread 32"        [_thread_blocked, id=4104, stack(0x000000f537400000,0x000000f537500000) (1024K)]
  0x0000023445144890 JavaThread "Unconstrained build operations Thread 33"        [_thread_blocked, id=27332, stack(0x000000f537500000,0x000000f537600000) (1024K)]
  0x0000023445142e50 JavaThread "Unconstrained build operations Thread 34"        [_thread_blocked, id=17820, stack(0x000000f537600000,0x000000f537700000) (1024K)]
  0x0000023445142130 JavaThread "Unconstrained build operations Thread 35"        [_thread_blocked, id=7816, stack(0x000000f537700000,0x000000f537800000) (1024K)]
  0x00000234451427c0 JavaThread "Unconstrained build operations Thread 36"        [_thread_blocked, id=7224, stack(0x000000f537800000,0x000000f537900000) (1024K)]
  0x0000023445141410 JavaThread "Unconstrained build operations Thread 37"        [_thread_blocked, id=26612, stack(0x000000f537900000,0x000000f537a00000) (1024K)]
  0x0000023445144200 JavaThread "Unconstrained build operations Thread 38"        [_thread_blocked, id=24560, stack(0x000000f537a00000,0x000000f537b00000) (1024K)]
  0x0000023445141aa0 JavaThread "Unconstrained build operations Thread 39"        [_thread_blocked, id=27288, stack(0x000000f537b00000,0x000000f537c00000) (1024K)]
  0x0000023445ff8060 JavaThread "Unconstrained build operations Thread 40"        [_thread_blocked, id=31068, stack(0x000000f537c00000,0x000000f537d00000) (1024K)]
  0x0000023445ff6cb0 JavaThread "Unconstrained build operations Thread 41"        [_thread_blocked, id=7460, stack(0x000000f537d00000,0x000000f537e00000) (1024K)]
  0x000002347fc1cd90 JavaThread "Unconstrained build operations Thread 42"        [_thread_blocked, id=132, stack(0x000000f538000000,0x000000f538100000) (1024K)]
  0x00000234466368a0 JavaThread "Unconstrained build operations Thread 43"        [_thread_blocked, id=17172, stack(0x000000f538100000,0x000000f538200000) (1024K)]
  0x0000023446636f30 JavaThread "Unconstrained build operations Thread 44"        [_thread_blocked, id=17452, stack(0x000000f538200000,0x000000f538300000) (1024K)]
  0x00000234466375c0 JavaThread "Unconstrained build operations Thread 45"        [_thread_blocked, id=16932, stack(0x000000f538300000,0x000000f538400000) (1024K)]
  0x0000023446638970 JavaThread "Unconstrained build operations Thread 46"        [_thread_blocked, id=22148, stack(0x000000f538400000,0x000000f538500000) (1024K)]
  0x0000023446639000 JavaThread "Unconstrained build operations Thread 47"        [_thread_blocked, id=5548, stack(0x000000f538500000,0x000000f538600000) (1024K)]
  0x0000023446639690 JavaThread "Unconstrained build operations Thread 48"        [_thread_blocked, id=30480, stack(0x000000f538600000,0x000000f538700000) (1024K)]
  0x0000023446636210 JavaThread "Unconstrained build operations Thread 49"        [_thread_blocked, id=456, stack(0x000000f538700000,0x000000f538800000) (1024K)]
  0x0000023446637c50 JavaThread "Unconstrained build operations Thread 50"        [_thread_blocked, id=13876, stack(0x000000f538800000,0x000000f538900000) (1024K)]
  0x00000234466382e0 JavaThread "Unconstrained build operations Thread 51"        [_thread_blocked, id=28288, stack(0x000000f538900000,0x000000f538a00000) (1024K)]
  0x0000023447253420 JavaThread "Unconstrained build operations Thread 52"        [_thread_blocked, id=30420, stack(0x000000f538a00000,0x000000f538b00000) (1024K)]
  0x0000023447252070 JavaThread "Unconstrained build operations Thread 53"        [_thread_blocked, id=17928, stack(0x000000f538b00000,0x000000f538c00000) (1024K)]
  0x0000023447252700 JavaThread "Unconstrained build operations Thread 54"        [_thread_blocked, id=12076, stack(0x000000f538c00000,0x000000f538d00000) (1024K)]
  0x000002344d0fae60 JavaThread "Unconstrained build operations Thread 55"        [_thread_blocked, id=18076, stack(0x000000f538d00000,0x000000f538e00000) (1024K)]
  0x000002344d0fa7d0 JavaThread "Unconstrained build operations Thread 56"        [_thread_blocked, id=10444, stack(0x000000f538e00000,0x000000f538f00000) (1024K)]
  0x000002344d0fdc50 JavaThread "Unconstrained build operations Thread 57"        [_thread_blocked, id=28868, stack(0x000000f538f00000,0x000000f539000000) (1024K)]
  0x000002344d0fb4f0 JavaThread "Unconstrained build operations Thread 58"        [_thread_blocked, id=31176, stack(0x000000f539000000,0x000000f539100000) (1024K)]
  0x000002344d0fc210 JavaThread "Unconstrained build operations Thread 59"        [_thread_blocked, id=24160, stack(0x000000f539100000,0x000000f539200000) (1024K)]
  0x000002344d0fc8a0 JavaThread "Unconstrained build operations Thread 60"        [_thread_blocked, id=21212, stack(0x000000f539200000,0x000000f539300000) (1024K)]
  0x000002344d0fcf30 JavaThread "Unconstrained build operations Thread 61"        [_thread_blocked, id=24024, stack(0x000000f539300000,0x000000f539400000) (1024K)]
  0x000002344d0fd5c0 JavaThread "Unconstrained build operations Thread 62"        [_thread_blocked, id=30936, stack(0x000000f539400000,0x000000f539500000) (1024K)]
  0x0000023446ff11c0 JavaThread "Unconstrained build operations Thread 63"        [_thread_blocked, id=6960, stack(0x000000f539500000,0x000000f539600000) (1024K)]
  0x00000234462a8a10 JavaThread "Unconstrained build operations Thread 64"        [_thread_blocked, id=15268, stack(0x000000f539600000,0x000000f539700000) (1024K)]
  0x00000234462a6fd0 JavaThread "Unconstrained build operations Thread 65"        [_thread_blocked, id=24064, stack(0x000000f539700000,0x000000f539800000) (1024K)]
  0x00000234462a9730 JavaThread "Unconstrained build operations Thread 66"        [_thread_blocked, id=8868, stack(0x000000f539800000,0x000000f539900000) (1024K)]
  0x00000234462a7660 JavaThread "Unconstrained build operations Thread 67"        [_thread_blocked, id=9716, stack(0x000000f539900000,0x000000f539a00000) (1024K)]
  0x00000234462a7cf0 JavaThread "Unconstrained build operations Thread 68"        [_thread_blocked, id=7016, stack(0x000000f539a00000,0x000000f539b00000) (1024K)]
  0x0000023445143b70 JavaThread "Unconstrained build operations Thread 69"        [_thread_blocked, id=29336, stack(0x000000f539b00000,0x000000f539c00000) (1024K)]
  0x0000023444d57fa0 JavaThread "Unconstrained build operations Thread 70"        [_thread_blocked, id=17796, stack(0x000000f539c00000,0x000000f539d00000) (1024K)]
  0x0000023444d58cc0 JavaThread "Unconstrained build operations Thread 71"        [_thread_blocked, id=24752, stack(0x000000f539f00000,0x000000f53a000000) (1024K)]
  0x0000023444d59350 JavaThread "Unconstrained build operations Thread 72"        [_thread_blocked, id=29096, stack(0x000000f53a000000,0x000000f53a100000) (1024K)]
  0x0000023444d58630 JavaThread "Unconstrained build operations Thread 73"        [_thread_blocked, id=26392, stack(0x000000f53a200000,0x000000f53a300000) (1024K)]
  0x0000023446609ea0 JavaThread "Unconstrained build operations Thread 74"        [_thread_blocked, id=16936, stack(0x000000f53a300000,0x000000f53a400000) (1024K)]
  0x000002344660a530 JavaThread "build event listener"              [_thread_blocked, id=32728, stack(0x000000f53a400000,0x000000f53a500000) (1024K)]
  0x0000023446545270 JavaThread "Problems report writer"            [_thread_blocked, id=4252, stack(0x000000f53a500000,0x000000f53a600000) (1024K)]
  0x0000023446546620 JavaThread "Unconstrained build operations Thread 75"        [_thread_blocked, id=27904, stack(0x000000f53a600000,0x000000f53a700000) (1024K)]
  0x0000023446544550 JavaThread "Unconstrained build operations Thread 76"        [_thread_blocked, id=9008, stack(0x000000f53a700000,0x000000f53a800000) (1024K)]
  0x0000023446544be0 JavaThread "Unconstrained build operations Thread 77"        [_thread_blocked, id=30524, stack(0x000000f53a800000,0x000000f53a900000) (1024K)]
  0x0000023446545900 JavaThread "Unconstrained build operations Thread 78"        [_thread_blocked, id=22820, stack(0x000000f53a900000,0x000000f53aa00000) (1024K)]
  0x0000023446546cb0 JavaThread "Unconstrained build operations Thread 79"        [_thread_blocked, id=28048, stack(0x000000f53aa00000,0x000000f53ab00000) (1024K)]
  0x0000023445ff86f0 JavaThread "Cache worker for execution history cache (C:\Users\zakar\Documents\axelor-LVME\open-suite-webapp\.gradle\8.11.1\executionHistory)"        [_thread_blocked, id=28592, stack(0x000000f534900000,0x000000f534a00000) (1024K)]
  0x000002344513def0 JavaThread "C2 CompilerThread1"         daemon [_thread_in_native, id=20416, stack(0x000000f53ab00000,0x000000f53ac00000) (1024K)]
=>0x000002344513a870 JavaThread "C2 CompilerThread2"         daemon [_thread_in_native, id=25724, stack(0x000000f53ac00000,0x000000f53ad00000) (1024K)]
Total: 159

Other Threads:
  0x00000234767ad310 VMThread "VM Thread"                           [id=19188, stack(0x000000f530e00000,0x000000f530f00000) (1024K)]
  0x000002347679c970 WatcherThread "VM Periodic Task Thread"        [id=18944, stack(0x000000f530d00000,0x000000f530e00000) (1024K)]
  0x000002346def6440 WorkerThread "GC Thread#0"                     [id=30924, stack(0x000000f530800000,0x000000f530900000) (1024K)]
  0x000002347972bed0 WorkerThread "GC Thread#1"                     [id=8712, stack(0x000000f531b00000,0x000000f531c00000) (1024K)]
  0x000002347965b4a0 WorkerThread "GC Thread#2"                     [id=10596, stack(0x000000f531c00000,0x000000f531d00000) (1024K)]
  0x000002347965b850 WorkerThread "GC Thread#3"                     [id=2108, stack(0x000000f531d00000,0x000000f531e00000) (1024K)]
  0x0000023479833d60 WorkerThread "GC Thread#4"                     [id=3556, stack(0x000000f531e00000,0x000000f531f00000) (1024K)]
  0x0000023479834110 WorkerThread "GC Thread#5"                     [id=23036, stack(0x000000f531f00000,0x000000f532000000) (1024K)]
  0x000002347ee87610 WorkerThread "GC Thread#6"                     [id=19968, stack(0x000000f532100000,0x000000f532200000) (1024K)]
  0x000002347ee879c0 WorkerThread "GC Thread#7"                     [id=3416, stack(0x000000f532200000,0x000000f532300000) (1024K)]
  0x000002347f0b1be0 WorkerThread "GC Thread#8"                     [id=6112, stack(0x000000f532300000,0x000000f532400000) (1024K)]
  0x000002347f0b2af0 WorkerThread "GC Thread#9"                     [id=25500, stack(0x000000f532400000,0x000000f532500000) (1024K)]
  0x000002346df45b80 ConcurrentGCThread "G1 Main Marker"            [id=26240, stack(0x000000f530900000,0x000000f530a00000) (1024K)]
  0x000002346df48400 WorkerThread "G1 Conc#0"                       [id=24184, stack(0x000000f530a00000,0x000000f530b00000) (1024K)]
  0x0000023444a02560 WorkerThread "G1 Conc#1"                       [id=17832, stack(0x000000f533200000,0x000000f533300000) (1024K)]
  0x0000023444a03070 WorkerThread "G1 Conc#2"                       [id=19008, stack(0x000000f533300000,0x000000f533400000) (1024K)]
  0x00000234766700f0 ConcurrentGCThread "G1 Refine#0"               [id=17764, stack(0x000000f530b00000,0x000000f530c00000) (1024K)]
  0x0000023476670a20 ConcurrentGCThread "G1 Service"                [id=9504, stack(0x000000f530c00000,0x000000f530d00000) (1024K)]
Total: 18

Threads with active compile tasks:
C2 CompilerThread0  357895 22982       4       org.gradle.internal.serialize.AbstractCollectionSerializer::read (47 bytes)
C1 CompilerThread0  357895 23013       3       org.gradle.api.internal.file.DefaultSourceDirectorySet::getSourceTrees (169 bytes)
C2 CompilerThread1  357895 22977       4       org.gradle.api.internal.artifacts.query.DefaultArtifactResolutionQuery::buildComponentResult (108 bytes)
C2 CompilerThread2  357895 22978   !   4       org.gradle.api.internal.artifacts.query.DefaultArtifactResolutionQuery::addArtifacts (177 bytes)
Total: 4

VM state: at safepoint (normal execution)

VM Mutex/Monitor currently owned by a thread:  ([mutex/lock_event])
[0x00007ffd880af570] Threads_lock - owner thread: 0x00000234767ad310
[0x00007ffd880af670] Heap_lock - owner thread: 0x000002346df45b80

Heap address: 0x0000000700000000, size: 4096 MB, Compressed Oops mode: Zero based, Oop shift amount: 3

CDS archive(s) mapped at: [0x000002340f000000-0x000002340fba0000-0x000002340fba0000), size 12189696, SharedBaseAddress: 0x000002340f000000, ArchiveRelocationMode: 1.
Compressed class space mapped at: 0x0000023410000000-0x0000023444000000, reserved size: 872415232
Narrow klass base: 0x000002340f000000, Narrow klass shift: 0, Narrow klass range: 0x100000000

GC Precious Log:
 CardTable entry size: 512
 Card Set container configuration: InlinePtr #cards 4 size 8 Array Of Cards #cards 16 size 48 Howl #buckets 8 coarsen threshold 3686 Howl Bitmap #cards 512 size 80 coarsen threshold 460 Card regions per heap region 1 cards per card region 4096
 CPUs: 12 total, 12 available
 Memory: 16068M
 Large Page Support: Disabled
 NUMA Support: Disabled
 Compressed Oops: Enabled (Zero based)
 Heap Region Size: 2M
 Heap Min Capacity: 8M
 Heap Initial Capacity: 252M
 Heap Max Capacity: 4G
 Pre-touch: Disabled
 Parallel Workers: 10
 Concurrent Workers: 3
 Concurrent Refinement Workers: 10
 Periodic GC: Disabled

Heap:
 garbage-first heap   total 1116160K, used 743810K [0x0000000700000000, 0x0000000800000000)
  region size 2048K, 14 young (28672K), 3 survivors (6144K)
 Metaspace       used 78565K, committed 81472K, reserved 983040K
  class space    used 11084K, committed 12480K, reserved 851968K

Heap Regions: E=young(eden), S=young(survivor), O=old, HS=humongous(starts), HC=humongous(continues), CS=collection set, F=free, TAMS=top-at-mark-start, PB=parsable bottom
|   0|0x0000000700000000, 0x0000000700200000, 0x0000000700200000|100%|HS|  |TAMS 0x0000000700200000| PB 0x0000000700000000| Complete 
|   1|0x0000000700200000, 0x0000000700400000, 0x0000000700400000|100%|HC|  |TAMS 0x0000000700400000| PB 0x0000000700200000| Complete 
|   2|0x0000000700400000, 0x0000000700600000, 0x0000000700600000|100%| O|  |TAMS 0x0000000700600000| PB 0x0000000700400000| Untracked 
|   3|0x0000000700600000, 0x0000000700800000, 0x0000000700800000|100%| O|  |TAMS 0x0000000700800000| PB 0x0000000700600000| Untracked 
|   4|0x0000000700800000, 0x0000000700a00000, 0x0000000700a00000|100%| O|  |TAMS 0x0000000700a00000| PB 0x0000000700800000| Untracked 
|   5|0x0000000700a00000, 0x0000000700c00000, 0x0000000700c00000|100%| O|  |TAMS 0x0000000700c00000| PB 0x0000000700a00000| Untracked 
|   6|0x0000000700c00000, 0x0000000700e00000, 0x0000000700e00000|100%| O|  |TAMS 0x0000000700e00000| PB 0x0000000700c00000| Untracked 
|   7|0x0000000700e00000, 0x0000000701000000, 0x0000000701000000|100%| O|  |TAMS 0x0000000701000000| PB 0x0000000700e00000| Untracked 
|   8|0x0000000701000000, 0x0000000701200000, 0x0000000701200000|100%| O|  |TAMS 0x0000000701200000| PB 0x0000000701000000| Untracked 
|   9|0x0000000701200000, 0x0000000701400000, 0x0000000701400000|100%| O|  |TAMS 0x0000000701400000| PB 0x0000000701200000| Untracked 
|  10|0x0000000701400000, 0x0000000701600000, 0x0000000701600000|100%| O|  |TAMS 0x0000000701600000| PB 0x0000000701400000| Untracked 
|  11|0x0000000701600000, 0x0000000701800000, 0x0000000701800000|100%| O|  |TAMS 0x0000000701800000| PB 0x0000000701600000| Untracked 
|  12|0x0000000701800000, 0x0000000701a00000, 0x0000000701a00000|100%| O|  |TAMS 0x0000000701a00000| PB 0x0000000701800000| Untracked 
|  13|0x0000000701a00000, 0x0000000701c00000, 0x0000000701c00000|100%| O|  |TAMS 0x0000000701c00000| PB 0x0000000701a00000| Untracked 
|  14|0x0000000701c00000, 0x0000000701e00000, 0x0000000701e00000|100%| O|  |TAMS 0x0000000701e00000| PB 0x0000000701c00000| Untracked 
|  15|0x0000000701e00000, 0x0000000702000000, 0x0000000702000000|100%| O|  |TAMS 0x0000000702000000| PB 0x0000000702000000| Untracked 
|  16|0x0000000702000000, 0x0000000702200000, 0x0000000702200000|100%| O|  |TAMS 0x0000000702200000| PB 0x0000000702200000| Untracked 
|  17|0x0000000702200000, 0x0000000702400000, 0x0000000702400000|100%| O|  |TAMS 0x0000000702400000| PB 0x0000000702400000| Untracked 
|  18|0x0000000702400000, 0x0000000702600000, 0x0000000702600000|100%| O|  |TAMS 0x0000000702600000| PB 0x0000000702600000| Updating 
|  19|0x0000000702600000, 0x0000000702800000, 0x0000000702800000|100%| O|  |TAMS 0x0000000702800000| PB 0x0000000702800000| Updating 
|  20|0x0000000702800000, 0x0000000702a00000, 0x0000000702a00000|100%| O|  |TAMS 0x0000000702a00000| PB 0x0000000702a00000| Updating 
|  21|0x0000000702a00000, 0x0000000702c00000, 0x0000000702c00000|100%| O|  |TAMS 0x0000000702c00000| PB 0x0000000702c00000| Untracked 
|  22|0x0000000702c00000, 0x0000000702e00000, 0x0000000702e00000|100%| O|  |TAMS 0x0000000702e00000| PB 0x0000000702e00000| Updating 
|  23|0x0000000702e00000, 0x0000000703000000, 0x0000000703000000|100%| O|  |TAMS 0x0000000703000000| PB 0x0000000703000000| Updating 
|  24|0x0000000703000000, 0x0000000703200000, 0x0000000703200000|100%| O|  |TAMS 0x0000000703200000| PB 0x0000000703200000| Untracked 
|  25|0x0000000703200000, 0x0000000703400000, 0x0000000703400000|100%| O|  |TAMS 0x0000000703400000| PB 0x0000000703400000| Updating 
|  26|0x0000000703400000, 0x0000000703600000, 0x0000000703600000|100%| O|  |TAMS 0x0000000703600000| PB 0x0000000703600000| Untracked 
|  27|0x0000000703600000, 0x0000000703800000, 0x0000000703800000|100%| O|  |TAMS 0x0000000703800000| PB 0x0000000703800000| Updating 
|  28|0x0000000703800000, 0x0000000703a00000, 0x0000000703a00000|100%| O|  |TAMS 0x0000000703a00000| PB 0x0000000703a00000| Untracked 
|  29|0x0000000703a00000, 0x0000000703c00000, 0x0000000703c00000|100%| O|  |TAMS 0x0000000703c00000| PB 0x0000000703c00000| Untracked 
|  30|0x0000000703c00000, 0x0000000703e00000, 0x0000000703e00000|100%| O|  |TAMS 0x0000000703e00000| PB 0x0000000703e00000| Untracked 
|  31|0x0000000703e00000, 0x0000000704000000, 0x0000000704000000|100%| O|  |TAMS 0x0000000704000000| PB 0x0000000704000000| Untracked 
|  32|0x0000000704000000, 0x0000000704200000, 0x0000000704200000|100%| O|  |TAMS 0x0000000704200000| PB 0x0000000704200000| Untracked 
|  33|0x0000000704200000, 0x0000000704400000, 0x0000000704400000|100%| O|  |TAMS 0x0000000704400000| PB 0x0000000704400000| Untracked 
|  34|0x0000000704400000, 0x0000000704600000, 0x0000000704600000|100%| O|  |TAMS 0x0000000704600000| PB 0x0000000704600000| Updating 
|  35|0x0000000704600000, 0x0000000704800000, 0x0000000704800000|100%| O|  |TAMS 0x0000000704800000| PB 0x0000000704800000| Untracked 
|  36|0x0000000704800000, 0x0000000704a00000, 0x0000000704a00000|100%| O|  |TAMS 0x0000000704a00000| PB 0x0000000704a00000| Updating 
|  37|0x0000000704a00000, 0x0000000704c00000, 0x0000000704c00000|100%| O|  |TAMS 0x0000000704c00000| PB 0x0000000704c00000| Untracked 
|  38|0x0000000704c00000, 0x0000000704e00000, 0x0000000704e00000|100%| O|  |TAMS 0x0000000704e00000| PB 0x0000000704e00000| Untracked 
|  39|0x0000000704e00000, 0x0000000705000000, 0x0000000705000000|100%| O|  |TAMS 0x0000000705000000| PB 0x0000000705000000| Updating 
|  40|0x0000000705000000, 0x0000000705200000, 0x0000000705200000|100%| O|  |TAMS 0x0000000705200000| PB 0x0000000705200000| Untracked 
|  41|0x0000000705200000, 0x0000000705400000, 0x0000000705400000|100%| O|  |TAMS 0x0000000705400000| PB 0x0000000705400000| Untracked 
|  42|0x0000000705400000, 0x0000000705600000, 0x0000000705600000|100%| O|  |TAMS 0x0000000705600000| PB 0x0000000705600000| Untracked 
|  43|0x0000000705600000, 0x0000000705800000, 0x0000000705800000|100%| O|  |TAMS 0x0000000705800000| PB 0x0000000705800000| Updating 
|  44|0x0000000705800000, 0x0000000705a00000, 0x0000000705a00000|100%| O|  |TAMS 0x0000000705a00000| PB 0x0000000705a00000| Untracked 
|  45|0x0000000705a00000, 0x0000000705c00000, 0x0000000705c00000|100%| O|  |TAMS 0x0000000705c00000| PB 0x0000000705c00000| Untracked 
|  46|0x0000000705c00000, 0x0000000705e00000, 0x0000000705e00000|100%| O|  |TAMS 0x0000000705e00000| PB 0x0000000705e00000| Untracked 
|  47|0x0000000705e00000, 0x0000000706000000, 0x0000000706000000|100%| O|  |TAMS 0x0000000706000000| PB 0x0000000706000000| Updating 
|  48|0x0000000706000000, 0x0000000706200000, 0x0000000706200000|100%| O|  |TAMS 0x0000000706200000| PB 0x0000000706200000| Updating 
|  49|0x0000000706200000, 0x0000000706400000, 0x0000000706400000|100%| O|  |TAMS 0x0000000706400000| PB 0x0000000706400000| Untracked 
|  50|0x0000000706400000, 0x0000000706600000, 0x0000000706600000|100%| O|  |TAMS 0x0000000706600000| PB 0x0000000706600000| Untracked 
|  51|0x0000000706600000, 0x0000000706800000, 0x0000000706800000|100%| O|  |TAMS 0x0000000706800000| PB 0x0000000706800000| Updating 
|  52|0x0000000706800000, 0x0000000706a00000, 0x0000000706a00000|100%| O|  |TAMS 0x0000000706a00000| PB 0x0000000706a00000| Updating 
|  53|0x0000000706a00000, 0x0000000706c00000, 0x0000000706c00000|100%| O|  |TAMS 0x0000000706c00000| PB 0x0000000706c00000| Untracked 
|  54|0x0000000706c00000, 0x0000000706e00000, 0x0000000706e00000|100%| O|  |TAMS 0x0000000706e00000| PB 0x0000000706e00000| Updating 
|  55|0x0000000706e00000, 0x0000000707000000, 0x0000000707000000|100%| O|  |TAMS 0x0000000707000000| PB 0x0000000707000000| Untracked 
|  56|0x0000000707000000, 0x0000000707200000, 0x0000000707200000|100%| O|  |TAMS 0x0000000707200000| PB 0x0000000707200000| Untracked 
|  57|0x0000000707200000, 0x0000000707400000, 0x0000000707400000|100%| O|  |TAMS 0x0000000707400000| PB 0x0000000707400000| Untracked 
|  58|0x0000000707400000, 0x0000000707600000, 0x0000000707600000|100%| O|  |TAMS 0x0000000707600000| PB 0x0000000707600000| Untracked 
|  59|0x0000000707600000, 0x0000000707800000, 0x0000000707800000|100%| O|  |TAMS 0x0000000707800000| PB 0x0000000707800000| Untracked 
|  60|0x0000000707800000, 0x0000000707a00000, 0x0000000707a00000|100%| O|  |TAMS 0x0000000707a00000| PB 0x0000000707a00000| Updating 
|  61|0x0000000707a00000, 0x0000000707c00000, 0x0000000707c00000|100%| O|  |TAMS 0x0000000707c00000| PB 0x0000000707c00000| Updating 
|  62|0x0000000707c00000, 0x0000000707e00000, 0x0000000707e00000|100%| O|  |TAMS 0x0000000707e00000| PB 0x0000000707e00000| Updating 
|  63|0x0000000707e00000, 0x0000000708000000, 0x0000000708000000|100%| O|  |TAMS 0x0000000708000000| PB 0x0000000708000000| Untracked 
|  64|0x0000000708000000, 0x0000000708200000, 0x0000000708200000|100%| O|  |TAMS 0x0000000708200000| PB 0x0000000708200000| Untracked 
|  65|0x0000000708200000, 0x0000000708400000, 0x0000000708400000|100%| O|  |TAMS 0x0000000708400000| PB 0x0000000708400000| Updating 
|  66|0x0000000708400000, 0x0000000708600000, 0x0000000708600000|100%| O|  |TAMS 0x0000000708600000| PB 0x0000000708600000| Untracked 
|  67|0x0000000708600000, 0x0000000708800000, 0x0000000708800000|100%| O|  |TAMS 0x0000000708800000| PB 0x0000000708800000| Updating 
|  68|0x0000000708800000, 0x0000000708a00000, 0x0000000708a00000|100%| O|  |TAMS 0x0000000708a00000| PB 0x0000000708a00000| Untracked 
|  69|0x0000000708a00000, 0x0000000708c00000, 0x0000000708c00000|100%| O|  |TAMS 0x0000000708c00000| PB 0x0000000708c00000| Updating 
|  70|0x0000000708c00000, 0x0000000708e00000, 0x0000000708e00000|100%| O|  |TAMS 0x0000000708e00000| PB 0x0000000708e00000| Updating 
|  71|0x0000000708e00000, 0x0000000709000000, 0x0000000709000000|100%| O|  |TAMS 0x0000000709000000| PB 0x0000000709000000| Updating 
|  72|0x0000000709000000, 0x0000000709200000, 0x0000000709200000|100%| O|  |TAMS 0x0000000709200000| PB 0x0000000709200000| Untracked 
|  73|0x0000000709200000, 0x0000000709400000, 0x0000000709400000|100%| O|  |TAMS 0x0000000709400000| PB 0x0000000709400000| Untracked 
|  74|0x0000000709400000, 0x0000000709600000, 0x0000000709600000|100%| O|  |TAMS 0x0000000709600000| PB 0x0000000709600000| Untracked 
|  75|0x0000000709600000, 0x0000000709800000, 0x0000000709800000|100%| O|  |TAMS 0x0000000709800000| PB 0x0000000709800000| Untracked 
|  76|0x0000000709800000, 0x0000000709a00000, 0x0000000709a00000|100%| O|  |TAMS 0x0000000709a00000| PB 0x0000000709a00000| Updating 
|  77|0x0000000709a00000, 0x0000000709c00000, 0x0000000709c00000|100%| O|  |TAMS 0x0000000709c00000| PB 0x0000000709c00000| Updating 
|  78|0x0000000709c00000, 0x0000000709e00000, 0x0000000709e00000|100%| O|  |TAMS 0x0000000709e00000| PB 0x0000000709e00000| Untracked 
|  79|0x0000000709e00000, 0x000000070a000000, 0x000000070a000000|100%| O|  |TAMS 0x000000070a000000| PB 0x000000070a000000| Untracked 
|  80|0x000000070a000000, 0x000000070a200000, 0x000000070a200000|100%| O|  |TAMS 0x000000070a200000| PB 0x000000070a200000| Untracked 
|  81|0x000000070a200000, 0x000000070a400000, 0x000000070a400000|100%| O|  |TAMS 0x000000070a400000| PB 0x000000070a400000| Updating 
|  82|0x000000070a400000, 0x000000070a600000, 0x000000070a600000|100%| O|  |TAMS 0x000000070a600000| PB 0x000000070a600000| Untracked 
|  83|0x000000070a600000, 0x000000070a800000, 0x000000070a800000|100%| O|  |TAMS 0x000000070a800000| PB 0x000000070a800000| Untracked 
|  84|0x000000070a800000, 0x000000070aa00000, 0x000000070aa00000|100%| O|  |TAMS 0x000000070aa00000| PB 0x000000070aa00000| Untracked 
|  85|0x000000070aa00000, 0x000000070ac00000, 0x000000070ac00000|100%| O|  |TAMS 0x000000070ac00000| PB 0x000000070ac00000| Updating 
|  86|0x000000070ac00000, 0x000000070ae00000, 0x000000070ae00000|100%| O|  |TAMS 0x000000070ac00000| PB 0x000000070ac00000| Untracked 
|  87|0x000000070ae00000, 0x000000070b000000, 0x000000070b000000|100%| O|  |TAMS 0x000000070b000000| PB 0x000000070b000000| Updating 
|  88|0x000000070b000000, 0x000000070b200000, 0x000000070b200000|100%| O|  |TAMS 0x000000070b200000| PB 0x000000070b200000| Untracked 
|  89|0x000000070b200000, 0x000000070b400000, 0x000000070b400000|100%| O|  |TAMS 0x000000070b400000| PB 0x000000070b400000| Untracked 
|  90|0x000000070b400000, 0x000000070b600000, 0x000000070b600000|100%| O|  |TAMS 0x000000070b600000| PB 0x000000070b600000| Updating 
|  91|0x000000070b600000, 0x000000070b800000, 0x000000070b800000|100%| O|  |TAMS 0x000000070b800000| PB 0x000000070b800000| Untracked 
|  92|0x000000070b800000, 0x000000070ba00000, 0x000000070ba00000|100%| O|  |TAMS 0x000000070ba00000| PB 0x000000070ba00000| Untracked 
|  93|0x000000070ba00000, 0x000000070bc00000, 0x000000070bc00000|100%| O|  |TAMS 0x000000070bc00000| PB 0x000000070bc00000| Untracked 
|  94|0x000000070bc00000, 0x000000070be00000, 0x000000070be00000|100%| O|  |TAMS 0x000000070be00000| PB 0x000000070be00000| Untracked 
|  95|0x000000070be00000, 0x000000070c000000, 0x000000070c000000|100%| O|  |TAMS 0x000000070c000000| PB 0x000000070c000000| Untracked 
|  96|0x000000070c000000, 0x000000070c200000, 0x000000070c200000|100%| O|  |TAMS 0x000000070c200000| PB 0x000000070c200000| Untracked 
|  97|0x000000070c200000, 0x000000070c400000, 0x000000070c400000|100%| O|  |TAMS 0x000000070c400000| PB 0x000000070c400000| Untracked 
|  98|0x000000070c400000, 0x000000070c600000, 0x000000070c600000|100%| O|  |TAMS 0x000000070c600000| PB 0x000000070c600000| Updating 
|  99|0x000000070c600000, 0x000000070c800000, 0x000000070c800000|100%| O|  |TAMS 0x000000070c800000| PB 0x000000070c800000| Untracked 
| 100|0x000000070c800000, 0x000000070ca00000, 0x000000070ca00000|100%| O|  |TAMS 0x000000070ca00000| PB 0x000000070ca00000| Untracked 
| 101|0x000000070ca00000, 0x000000070cc00000, 0x000000070cc00000|100%| O|  |TAMS 0x000000070cc00000| PB 0x000000070cc00000| Untracked 
| 102|0x000000070cc00000, 0x000000070ce00000, 0x000000070ce00000|100%| O|  |TAMS 0x000000070ce00000| PB 0x000000070ce00000| Untracked 
| 103|0x000000070ce00000, 0x000000070d000000, 0x000000070d000000|100%| O|  |TAMS 0x000000070d000000| PB 0x000000070d000000| Untracked 
| 104|0x000000070d000000, 0x000000070d200000, 0x000000070d200000|100%| O|  |TAMS 0x000000070d200000| PB 0x000000070d200000| Untracked 
| 105|0x000000070d200000, 0x000000070d400000, 0x000000070d400000|100%| O|  |TAMS 0x000000070d400000| PB 0x000000070d400000| Untracked 
| 106|0x000000070d400000, 0x000000070d600000, 0x000000070d600000|100%| O|  |TAMS 0x000000070d600000| PB 0x000000070d600000| Untracked 
| 107|0x000000070d600000, 0x000000070d800000, 0x000000070d800000|100%| O|  |TAMS 0x000000070d800000| PB 0x000000070d800000| Updating 
| 108|0x000000070d800000, 0x000000070da00000, 0x000000070da00000|100%| O|  |TAMS 0x000000070da00000| PB 0x000000070da00000| Untracked 
| 109|0x000000070da00000, 0x000000070dc00000, 0x000000070dc00000|100%| O|  |TAMS 0x000000070dc00000| PB 0x000000070dc00000| Untracked 
| 110|0x000000070dc00000, 0x000000070de00000, 0x000000070de00000|100%| O|  |TAMS 0x000000070de00000| PB 0x000000070de00000| Untracked 
| 111|0x000000070de00000, 0x000000070e000000, 0x000000070e000000|100%| O|  |TAMS 0x000000070e000000| PB 0x000000070e000000| Untracked 
| 112|0x000000070e000000, 0x000000070e200000, 0x000000070e200000|100%| O|  |TAMS 0x000000070e200000| PB 0x000000070e200000| Untracked 
| 113|0x000000070e200000, 0x000000070e400000, 0x000000070e400000|100%| O|  |TAMS 0x000000070e400000| PB 0x000000070e400000| Untracked 
| 114|0x000000070e400000, 0x000000070e600000, 0x000000070e600000|100%| O|  |TAMS 0x000000070e600000| PB 0x000000070e600000| Untracked 
| 115|0x000000070e600000, 0x000000070e800000, 0x000000070e800000|100%| O|  |TAMS 0x000000070e800000| PB 0x000000070e800000| Untracked 
| 116|0x000000070e800000, 0x000000070ea00000, 0x000000070ea00000|100%| O|  |TAMS 0x000000070ea00000| PB 0x000000070ea00000| Untracked 
| 117|0x000000070ea00000, 0x000000070ec00000, 0x000000070ec00000|100%| O|  |TAMS 0x000000070ec00000| PB 0x000000070ec00000| Updating 
| 118|0x000000070ec00000, 0x000000070ee00000, 0x000000070ee00000|100%| O|  |TAMS 0x000000070ee00000| PB 0x000000070ee00000| Untracked 
| 119|0x000000070ee00000, 0x000000070f000000, 0x000000070f000000|100%| O|  |TAMS 0x000000070f000000| PB 0x000000070f000000| Untracked 
| 120|0x000000070f000000, 0x000000070f200000, 0x000000070f200000|100%| O|  |TAMS 0x000000070f200000| PB 0x000000070f200000| Untracked 
| 121|0x000000070f200000, 0x000000070f400000, 0x000000070f400000|100%| O|  |TAMS 0x000000070f400000| PB 0x000000070f400000| Untracked 
| 122|0x000000070f400000, 0x000000070f600000, 0x000000070f600000|100%| O|  |TAMS 0x000000070f600000| PB 0x000000070f600000| Untracked 
| 123|0x000000070f600000, 0x000000070f800000, 0x000000070f800000|100%| O|  |TAMS 0x000000070f800000| PB 0x000000070f800000| Untracked 
| 124|0x000000070f800000, 0x000000070fa00000, 0x000000070fa00000|100%| O|  |TAMS 0x000000070fa00000| PB 0x000000070fa00000| Untracked 
| 125|0x000000070fa00000, 0x000000070fc00000, 0x000000070fc00000|100%| O|  |TAMS 0x000000070fc00000| PB 0x000000070fc00000| Untracked 
| 126|0x000000070fc00000, 0x000000070fe00000, 0x000000070fe00000|100%| O|  |TAMS 0x000000070fe00000| PB 0x000000070fe00000| Untracked 
| 127|0x000000070fe00000, 0x0000000710000000, 0x0000000710000000|100%| O|  |TAMS 0x0000000710000000| PB 0x0000000710000000| Untracked 
| 128|0x0000000710000000, 0x0000000710200000, 0x0000000710200000|100%| O|  |TAMS 0x0000000710200000| PB 0x0000000710200000| Untracked 
| 129|0x0000000710200000, 0x0000000710400000, 0x0000000710400000|100%| O|  |TAMS 0x0000000710400000| PB 0x0000000710400000| Untracked 
| 130|0x0000000710400000, 0x0000000710600000, 0x0000000710600000|100%| O|  |TAMS 0x0000000710600000| PB 0x0000000710600000| Untracked 
| 131|0x0000000710600000, 0x0000000710800000, 0x0000000710800000|100%| O|  |TAMS 0x0000000710800000| PB 0x0000000710800000| Untracked 
| 132|0x0000000710800000, 0x0000000710a00000, 0x0000000710a00000|100%| O|  |TAMS 0x0000000710a00000| PB 0x0000000710a00000| Untracked 
| 133|0x0000000710a00000, 0x0000000710c00000, 0x0000000710c00000|100%| O|  |TAMS 0x0000000710c00000| PB 0x0000000710c00000| Untracked 
| 134|0x0000000710c00000, 0x0000000710e00000, 0x0000000710e00000|100%| O|  |TAMS 0x0000000710e00000| PB 0x0000000710e00000| Untracked 
| 135|0x0000000710e00000, 0x0000000711000000, 0x0000000711000000|100%| O|  |TAMS 0x0000000711000000| PB 0x0000000711000000| Untracked 
| 136|0x0000000711000000, 0x0000000711200000, 0x0000000711200000|100%| O|  |TAMS 0x0000000711200000| PB 0x0000000711200000| Untracked 
| 137|0x0000000711200000, 0x0000000711400000, 0x0000000711400000|100%| O|  |TAMS 0x0000000711400000| PB 0x0000000711400000| Untracked 
| 138|0x0000000711400000, 0x0000000711600000, 0x0000000711600000|100%| O|  |TAMS 0x0000000711600000| PB 0x0000000711600000| Untracked 
| 139|0x0000000711600000, 0x0000000711800000, 0x0000000711800000|100%| O|  |TAMS 0x0000000711800000| PB 0x0000000711800000| Untracked 
| 140|0x0000000711800000, 0x0000000711a00000, 0x0000000711a00000|100%| O|  |TAMS 0x0000000711a00000| PB 0x0000000711a00000| Untracked 
| 141|0x0000000711a00000, 0x0000000711c00000, 0x0000000711c00000|100%| O|  |TAMS 0x0000000711c00000| PB 0x0000000711c00000| Updating 
| 142|0x0000000711c00000, 0x0000000711e00000, 0x0000000711e00000|100%| O|  |TAMS 0x0000000711e00000| PB 0x0000000711e00000| Untracked 
| 143|0x0000000711e00000, 0x0000000712000000, 0x0000000712000000|100%| O|  |TAMS 0x0000000712000000| PB 0x0000000712000000| Untracked 
| 144|0x0000000712000000, 0x0000000712200000, 0x0000000712200000|100%| O|  |TAMS 0x0000000712200000| PB 0x0000000712200000| Untracked 
| 145|0x0000000712200000, 0x0000000712400000, 0x0000000712400000|100%| O|  |TAMS 0x0000000712400000| PB 0x0000000712400000| Untracked 
| 146|0x0000000712400000, 0x0000000712600000, 0x0000000712600000|100%| O|  |TAMS 0x0000000712600000| PB 0x0000000712600000| Untracked 
| 147|0x0000000712600000, 0x0000000712800000, 0x0000000712800000|100%| O|  |TAMS 0x0000000712800000| PB 0x0000000712800000| Updating 
| 148|0x0000000712800000, 0x0000000712a00000, 0x0000000712a00000|100%| O|  |TAMS 0x0000000712a00000| PB 0x0000000712a00000| Untracked 
| 149|0x0000000712a00000, 0x0000000712c00000, 0x0000000712c00000|100%| O|  |TAMS 0x0000000712c00000| PB 0x0000000712c00000| Untracked 
| 150|0x0000000712c00000, 0x0000000712e00000, 0x0000000712e00000|100%| O|  |TAMS 0x0000000712e00000| PB 0x0000000712e00000| Updating 
| 151|0x0000000712e00000, 0x0000000713000000, 0x0000000713000000|100%| O|  |TAMS 0x0000000713000000| PB 0x0000000713000000| Updating 
| 152|0x0000000713000000, 0x0000000713200000, 0x0000000713200000|100%| O|  |TAMS 0x0000000713200000| PB 0x0000000713200000| Untracked 
| 153|0x0000000713200000, 0x0000000713400000, 0x0000000713400000|100%| O|  |TAMS 0x0000000713400000| PB 0x0000000713400000| Untracked 
| 154|0x0000000713400000, 0x0000000713600000, 0x0000000713600000|100%| O|  |TAMS 0x0000000713600000| PB 0x0000000713600000| Untracked 
| 155|0x0000000713600000, 0x0000000713800000, 0x0000000713800000|100%| O|  |TAMS 0x0000000713800000| PB 0x0000000713800000| Updating 
| 156|0x0000000713800000, 0x0000000713a00000, 0x0000000713a00000|100%| O|  |TAMS 0x0000000713a00000| PB 0x0000000713a00000| Untracked 
| 157|0x0000000713a00000, 0x0000000713c00000, 0x0000000713c00000|100%| O|  |TAMS 0x0000000713c00000| PB 0x0000000713c00000| Untracked 
| 158|0x0000000713c00000, 0x0000000713e00000, 0x0000000713e00000|100%| O|  |TAMS 0x0000000713e00000| PB 0x0000000713e00000| Untracked 
| 159|0x0000000713e00000, 0x0000000714000000, 0x0000000714000000|100%| O|  |TAMS 0x0000000714000000| PB 0x0000000714000000| Untracked 
| 160|0x0000000714000000, 0x0000000714200000, 0x0000000714200000|100%| O|  |TAMS 0x0000000714200000| PB 0x0000000714200000| Untracked 
| 161|0x0000000714200000, 0x0000000714400000, 0x0000000714400000|100%| O|  |TAMS 0x0000000714400000| PB 0x0000000714400000| Untracked 
| 162|0x0000000714400000, 0x0000000714600000, 0x0000000714600000|100%| O|  |TAMS 0x0000000714600000| PB 0x0000000714600000| Untracked 
| 163|0x0000000714600000, 0x0000000714800000, 0x0000000714800000|100%| O|  |TAMS 0x0000000714800000| PB 0x0000000714800000| Untracked 
| 164|0x0000000714800000, 0x0000000714a00000, 0x0000000714a00000|100%| O|  |TAMS 0x0000000714a00000| PB 0x0000000714a00000| Untracked 
| 165|0x0000000714a00000, 0x0000000714c00000, 0x0000000714c00000|100%| O|  |TAMS 0x0000000714c00000| PB 0x0000000714c00000| Untracked 
| 166|0x0000000714c00000, 0x0000000714e00000, 0x0000000714e00000|100%| O|  |TAMS 0x0000000714e00000| PB 0x0000000714e00000| Updating 
| 167|0x0000000714e00000, 0x0000000715000000, 0x0000000715000000|100%| O|  |TAMS 0x0000000715000000| PB 0x0000000715000000| Untracked 
| 168|0x0000000715000000, 0x0000000715200000, 0x0000000715200000|100%| O|  |TAMS 0x0000000715200000| PB 0x0000000715200000| Untracked 
| 169|0x0000000715200000, 0x0000000715400000, 0x0000000715400000|100%| O|  |TAMS 0x0000000715400000| PB 0x0000000715400000| Untracked 
| 170|0x0000000715400000, 0x0000000715600000, 0x0000000715600000|100%| O|  |TAMS 0x0000000715600000| PB 0x0000000715600000| Untracked 
| 171|0x0000000715600000, 0x0000000715800000, 0x0000000715800000|100%| O|  |TAMS 0x0000000715800000| PB 0x0000000715800000| Untracked 
| 172|0x0000000715800000, 0x0000000715a00000, 0x0000000715a00000|100%| O|  |TAMS 0x0000000715a00000| PB 0x0000000715a00000| Updating 
| 173|0x0000000715a00000, 0x0000000715c00000, 0x0000000715c00000|100%| O|  |TAMS 0x0000000715c00000| PB 0x0000000715c00000| Untracked 
| 174|0x0000000715c00000, 0x0000000715e00000, 0x0000000715e00000|100%| O|  |TAMS 0x0000000715e00000| PB 0x0000000715e00000| Untracked 
| 175|0x0000000715e00000, 0x0000000716000000, 0x0000000716000000|100%| O|  |TAMS 0x0000000716000000| PB 0x0000000716000000| Untracked 
| 176|0x0000000716000000, 0x0000000716200000, 0x0000000716200000|100%| O|  |TAMS 0x0000000716000000| PB 0x0000000716000000| Untracked 
| 177|0x0000000716200000, 0x0000000716400000, 0x0000000716400000|100%| O|  |TAMS 0x0000000716400000| PB 0x0000000716400000| Untracked 
| 178|0x0000000716400000, 0x0000000716600000, 0x0000000716600000|100%| O|  |TAMS 0x0000000716600000| PB 0x0000000716600000| Untracked 
| 179|0x0000000716600000, 0x0000000716800000, 0x0000000716800000|100%| O|  |TAMS 0x0000000716800000| PB 0x0000000716800000| Updating 
| 180|0x0000000716800000, 0x0000000716a00000, 0x0000000716a00000|100%| O|  |TAMS 0x0000000716a00000| PB 0x0000000716a00000| Updating 
| 181|0x0000000716a00000, 0x0000000716c00000, 0x0000000716c00000|100%| O|  |TAMS 0x0000000716c00000| PB 0x0000000716c00000| Untracked 
| 182|0x0000000716c00000, 0x0000000716e00000, 0x0000000716e00000|100%| O|  |TAMS 0x0000000716e00000| PB 0x0000000716e00000| Untracked 
| 183|0x0000000716e00000, 0x0000000717000000, 0x0000000717000000|100%| O|  |TAMS 0x0000000717000000| PB 0x0000000717000000| Untracked 
| 184|0x0000000717000000, 0x0000000717200000, 0x0000000717200000|100%| O|  |TAMS 0x0000000717200000| PB 0x0000000717200000| Untracked 
| 185|0x0000000717200000, 0x0000000717400000, 0x0000000717400000|100%| O|  |TAMS 0x0000000717400000| PB 0x0000000717400000| Untracked 
| 186|0x0000000717400000, 0x0000000717600000, 0x0000000717600000|100%| O|  |TAMS 0x0000000717600000| PB 0x0000000717600000| Untracked 
| 187|0x0000000717600000, 0x0000000717800000, 0x0000000717800000|100%| O|  |TAMS 0x0000000717800000| PB 0x0000000717800000| Untracked 
| 188|0x0000000717800000, 0x0000000717a00000, 0x0000000717a00000|100%| O|  |TAMS 0x0000000717a00000| PB 0x0000000717a00000| Untracked 
| 189|0x0000000717a00000, 0x0000000717c00000, 0x0000000717c00000|100%| O|  |TAMS 0x0000000717c00000| PB 0x0000000717c00000| Untracked 
| 190|0x0000000717c00000, 0x0000000717e00000, 0x0000000717e00000|100%| O|  |TAMS 0x0000000717e00000| PB 0x0000000717e00000| Untracked 
| 191|0x0000000717e00000, 0x0000000718000000, 0x0000000718000000|100%| O|  |TAMS 0x0000000718000000| PB 0x0000000718000000| Untracked 
| 192|0x0000000718000000, 0x0000000718200000, 0x0000000718200000|100%| O|  |TAMS 0x0000000718200000| PB 0x0000000718200000| Untracked 
| 193|0x0000000718200000, 0x0000000718400000, 0x0000000718400000|100%| O|  |TAMS 0x0000000718400000| PB 0x0000000718400000| Untracked 
| 194|0x0000000718400000, 0x0000000718600000, 0x0000000718600000|100%| O|  |TAMS 0x0000000718600000| PB 0x0000000718600000| Untracked 
| 195|0x0000000718600000, 0x0000000718800000, 0x0000000718800000|100%| O|  |TAMS 0x0000000718800000| PB 0x0000000718800000| Untracked 
| 196|0x0000000718800000, 0x0000000718a00000, 0x0000000718a00000|100%| O|  |TAMS 0x0000000718a00000| PB 0x0000000718a00000| Untracked 
| 197|0x0000000718a00000, 0x0000000718c00000, 0x0000000718c00000|100%| O|  |TAMS 0x0000000718c00000| PB 0x0000000718c00000| Updating 
| 198|0x0000000718c00000, 0x0000000718e00000, 0x0000000718e00000|100%| O|  |TAMS 0x0000000718e00000| PB 0x0000000718e00000| Untracked 
| 199|0x0000000718e00000, 0x0000000719000000, 0x0000000719000000|100%| O|  |TAMS 0x0000000719000000| PB 0x0000000719000000| Untracked 
| 200|0x0000000719000000, 0x0000000719200000, 0x0000000719200000|100%| O|  |TAMS 0x0000000719200000| PB 0x0000000719200000| Untracked 
| 201|0x0000000719200000, 0x0000000719400000, 0x0000000719400000|100%| O|  |TAMS 0x0000000719400000| PB 0x0000000719400000| Untracked 
| 202|0x0000000719400000, 0x0000000719600000, 0x0000000719600000|100%| O|  |TAMS 0x0000000719600000| PB 0x0000000719600000| Untracked 
| 203|0x0000000719600000, 0x0000000719800000, 0x0000000719800000|100%| O|  |TAMS 0x0000000719800000| PB 0x0000000719800000| Untracked 
| 204|0x0000000719800000, 0x0000000719a00000, 0x0000000719a00000|100%| O|  |TAMS 0x0000000719a00000| PB 0x0000000719a00000| Updating 
| 205|0x0000000719a00000, 0x0000000719c00000, 0x0000000719c00000|100%| O|  |TAMS 0x0000000719c00000| PB 0x0000000719c00000| Untracked 
| 206|0x0000000719c00000, 0x0000000719e00000, 0x0000000719e00000|100%| O|  |TAMS 0x0000000719e00000| PB 0x0000000719e00000| Updating 
| 207|0x0000000719e00000, 0x000000071a000000, 0x000000071a000000|100%| O|  |TAMS 0x000000071a000000| PB 0x000000071a000000| Untracked 
| 208|0x000000071a000000, 0x000000071a200000, 0x000000071a200000|100%| O|  |TAMS 0x000000071a200000| PB 0x000000071a200000| Untracked 
| 209|0x000000071a200000, 0x000000071a400000, 0x000000071a400000|100%| O|  |TAMS 0x000000071a400000| PB 0x000000071a400000| Updating 
| 210|0x000000071a400000, 0x000000071a600000, 0x000000071a600000|100%| O|  |TAMS 0x000000071a600000| PB 0x000000071a600000| Untracked 
| 211|0x000000071a600000, 0x000000071a800000, 0x000000071a800000|100%| O|  |TAMS 0x000000071a800000| PB 0x000000071a800000| Untracked 
| 212|0x000000071a800000, 0x000000071aa00000, 0x000000071aa00000|100%| O|  |TAMS 0x000000071aa00000| PB 0x000000071aa00000| Untracked 
| 213|0x000000071aa00000, 0x000000071ac00000, 0x000000071ac00000|100%| O|  |TAMS 0x000000071ac00000| PB 0x000000071ac00000| Untracked 
| 214|0x000000071ac00000, 0x000000071ae00000, 0x000000071ae00000|100%| O|  |TAMS 0x000000071ae00000| PB 0x000000071ae00000| Updating 
| 215|0x000000071ae00000, 0x000000071b000000, 0x000000071b000000|100%| O|  |TAMS 0x000000071b000000| PB 0x000000071b000000| Untracked 
| 216|0x000000071b000000, 0x000000071b200000, 0x000000071b200000|100%| O|  |TAMS 0x000000071b200000| PB 0x000000071b200000| Untracked 
| 217|0x000000071b200000, 0x000000071b400000, 0x000000071b400000|100%| O|  |TAMS 0x000000071b400000| PB 0x000000071b400000| Untracked 
| 218|0x000000071b400000, 0x000000071b600000, 0x000000071b600000|100%| O|  |TAMS 0x000000071b600000| PB 0x000000071b600000| Untracked 
| 219|0x000000071b600000, 0x000000071b800000, 0x000000071b800000|100%| O|  |TAMS 0x000000071b800000| PB 0x000000071b800000| Untracked 
| 220|0x000000071b800000, 0x000000071ba00000, 0x000000071ba00000|100%| O|  |TAMS 0x000000071ba00000| PB 0x000000071ba00000| Untracked 
| 221|0x000000071ba00000, 0x000000071bc00000, 0x000000071bc00000|100%| O|  |TAMS 0x000000071bc00000| PB 0x000000071bc00000| Untracked 
| 222|0x000000071bc00000, 0x000000071be00000, 0x000000071be00000|100%| O|  |TAMS 0x000000071be00000| PB 0x000000071be00000| Untracked 
| 223|0x000000071be00000, 0x000000071c000000, 0x000000071c000000|100%| O|  |TAMS 0x000000071c000000| PB 0x000000071c000000| Untracked 
| 224|0x000000071c000000, 0x000000071c200000, 0x000000071c200000|100%| O|  |TAMS 0x000000071c200000| PB 0x000000071c200000| Untracked 
| 225|0x000000071c200000, 0x000000071c400000, 0x000000071c400000|100%| O|  |TAMS 0x000000071c400000| PB 0x000000071c400000| Untracked 
| 226|0x000000071c400000, 0x000000071c600000, 0x000000071c600000|100%| O|  |TAMS 0x000000071c600000| PB 0x000000071c600000| Untracked 
| 227|0x000000071c600000, 0x000000071c800000, 0x000000071c800000|100%| O|  |TAMS 0x000000071c800000| PB 0x000000071c800000| Untracked 
| 228|0x000000071c800000, 0x000000071ca00000, 0x000000071ca00000|100%| O|  |TAMS 0x000000071ca00000| PB 0x000000071ca00000| Untracked 
| 229|0x000000071ca00000, 0x000000071cc00000, 0x000000071cc00000|100%| O|  |TAMS 0x000000071cc00000| PB 0x000000071cc00000| Untracked 
| 230|0x000000071cc00000, 0x000000071ce00000, 0x000000071ce00000|100%| O|  |TAMS 0x000000071ce00000| PB 0x000000071ce00000| Untracked 
| 231|0x000000071ce00000, 0x000000071d000000, 0x000000071d000000|100%| O|  |TAMS 0x000000071d000000| PB 0x000000071d000000| Untracked 
| 232|0x000000071d000000, 0x000000071d200000, 0x000000071d200000|100%| O|  |TAMS 0x000000071d200000| PB 0x000000071d200000| Untracked 
| 233|0x000000071d200000, 0x000000071d400000, 0x000000071d400000|100%| O|  |TAMS 0x000000071d400000| PB 0x000000071d400000| Untracked 
| 234|0x000000071d400000, 0x000000071d600000, 0x000000071d600000|100%| O|  |TAMS 0x000000071d600000| PB 0x000000071d600000| Untracked 
| 235|0x000000071d600000, 0x000000071d800000, 0x000000071d800000|100%| O|  |TAMS 0x000000071d800000| PB 0x000000071d800000| Untracked 
| 236|0x000000071d800000, 0x000000071da00000, 0x000000071da00000|100%| O|  |TAMS 0x000000071da00000| PB 0x000000071da00000| Updating 
| 237|0x000000071da00000, 0x000000071dc00000, 0x000000071dc00000|100%| O|  |TAMS 0x000000071dc00000| PB 0x000000071dc00000| Untracked 
| 238|0x000000071dc00000, 0x000000071de00000, 0x000000071de00000|100%| O|  |TAMS 0x000000071de00000| PB 0x000000071de00000| Untracked 
| 239|0x000000071de00000, 0x000000071e000000, 0x000000071e000000|100%| O|  |TAMS 0x000000071e000000| PB 0x000000071e000000| Untracked 
| 240|0x000000071e000000, 0x000000071e200000, 0x000000071e200000|100%| O|  |TAMS 0x000000071e200000| PB 0x000000071e200000| Untracked 
| 241|0x000000071e200000, 0x000000071e400000, 0x000000071e400000|100%| O|  |TAMS 0x000000071e400000| PB 0x000000071e400000| Untracked 
| 242|0x000000071e400000, 0x000000071e600000, 0x000000071e600000|100%| O|  |TAMS 0x000000071e600000| PB 0x000000071e600000| Untracked 
| 243|0x000000071e600000, 0x000000071e800000, 0x000000071e800000|100%| O|  |TAMS 0x000000071e800000| PB 0x000000071e800000| Untracked 
| 244|0x000000071e800000, 0x000000071ea00000, 0x000000071ea00000|100%| O|  |TAMS 0x000000071ea00000| PB 0x000000071ea00000| Untracked 
| 245|0x000000071ea00000, 0x000000071ec00000, 0x000000071ec00000|100%| O|  |TAMS 0x000000071ec00000| PB 0x000000071ec00000| Untracked 
| 246|0x000000071ec00000, 0x000000071ee00000, 0x000000071ee00000|100%| O|  |TAMS 0x000000071ee00000| PB 0x000000071ee00000| Untracked 
| 247|0x000000071ee00000, 0x000000071f000000, 0x000000071f000000|100%| O|  |TAMS 0x000000071f000000| PB 0x000000071f000000| Untracked 
| 248|0x000000071f000000, 0x000000071f200000, 0x000000071f200000|100%| O|  |TAMS 0x000000071f200000| PB 0x000000071f200000| Untracked 
| 249|0x000000071f200000, 0x000000071f400000, 0x000000071f400000|100%| O|  |TAMS 0x000000071f400000| PB 0x000000071f400000| Untracked 
| 250|0x000000071f400000, 0x000000071f600000, 0x000000071f600000|100%| O|  |TAMS 0x000000071f600000| PB 0x000000071f600000| Untracked 
| 251|0x000000071f600000, 0x000000071f800000, 0x000000071f800000|100%| O|  |TAMS 0x000000071f800000| PB 0x000000071f800000| Untracked 
| 252|0x000000071f800000, 0x000000071fa00000, 0x000000071fa00000|100%| O|  |TAMS 0x000000071fa00000| PB 0x000000071fa00000| Untracked 
| 253|0x000000071fa00000, 0x000000071fc00000, 0x000000071fc00000|100%| O|  |TAMS 0x000000071fc00000| PB 0x000000071fc00000| Untracked 
| 254|0x000000071fc00000, 0x000000071fe00000, 0x000000071fe00000|100%| O|  |TAMS 0x000000071fe00000| PB 0x000000071fe00000| Updating 
| 255|0x000000071fe00000, 0x0000000720000000, 0x0000000720000000|100%| O|  |TAMS 0x0000000720000000| PB 0x0000000720000000| Untracked 
| 256|0x0000000720000000, 0x0000000720200000, 0x0000000720200000|100%| O|  |TAMS 0x0000000720200000| PB 0x0000000720200000| Untracked 
| 257|0x0000000720200000, 0x0000000720400000, 0x0000000720400000|100%| O|  |TAMS 0x0000000720400000| PB 0x0000000720400000| Untracked 
| 258|0x0000000720400000, 0x0000000720600000, 0x0000000720600000|100%| O|  |TAMS 0x0000000720600000| PB 0x0000000720600000| Untracked 
| 259|0x0000000720600000, 0x0000000720800000, 0x0000000720800000|100%| O|  |TAMS 0x0000000720800000| PB 0x0000000720800000| Untracked 
| 260|0x0000000720800000, 0x0000000720a00000, 0x0000000720a00000|100%| O|  |TAMS 0x0000000720a00000| PB 0x0000000720a00000| Untracked 
| 261|0x0000000720a00000, 0x0000000720c00000, 0x0000000720c00000|100%| O|  |TAMS 0x0000000720c00000| PB 0x0000000720c00000| Untracked 
| 262|0x0000000720c00000, 0x0000000720e00000, 0x0000000720e00000|100%| O|  |TAMS 0x0000000720e00000| PB 0x0000000720e00000| Untracked 
| 263|0x0000000720e00000, 0x0000000721000000, 0x0000000721000000|100%| O|  |TAMS 0x0000000721000000| PB 0x0000000721000000| Untracked 
| 264|0x0000000721000000, 0x0000000721200000, 0x0000000721200000|100%| O|  |TAMS 0x0000000721200000| PB 0x0000000721200000| Untracked 
| 265|0x0000000721200000, 0x0000000721400000, 0x0000000721400000|100%| O|  |TAMS 0x0000000721400000| PB 0x0000000721400000| Untracked 
| 266|0x0000000721400000, 0x0000000721600000, 0x0000000721600000|100%| O|  |TAMS 0x0000000721600000| PB 0x0000000721600000| Untracked 
| 267|0x0000000721600000, 0x0000000721800000, 0x0000000721800000|100%| O|  |TAMS 0x0000000721800000| PB 0x0000000721800000| Untracked 
| 268|0x0000000721800000, 0x0000000721a00000, 0x0000000721a00000|100%| O|  |TAMS 0x0000000721a00000| PB 0x0000000721a00000| Untracked 
| 269|0x0000000721a00000, 0x0000000721c00000, 0x0000000721c00000|100%| O|  |TAMS 0x0000000721c00000| PB 0x0000000721c00000| Untracked 
| 270|0x0000000721c00000, 0x0000000721e00000, 0x0000000721e00000|100%| O|  |TAMS 0x0000000721e00000| PB 0x0000000721e00000| Untracked 
| 271|0x0000000721e00000, 0x0000000722000000, 0x0000000722000000|100%| O|  |TAMS 0x0000000722000000| PB 0x0000000722000000| Untracked 
| 272|0x0000000722000000, 0x0000000722200000, 0x0000000722200000|100%| O|  |TAMS 0x0000000722200000| PB 0x0000000722200000| Untracked 
| 273|0x0000000722200000, 0x0000000722400000, 0x0000000722400000|100%| O|  |TAMS 0x0000000722400000| PB 0x0000000722400000| Untracked 
| 274|0x0000000722400000, 0x0000000722600000, 0x0000000722600000|100%| O|  |TAMS 0x0000000722600000| PB 0x0000000722600000| Untracked 
| 275|0x0000000722600000, 0x0000000722800000, 0x0000000722800000|100%| O|  |TAMS 0x0000000722800000| PB 0x0000000722800000| Untracked 
| 276|0x0000000722800000, 0x0000000722a00000, 0x0000000722a00000|100%| O|  |TAMS 0x0000000722a00000| PB 0x0000000722a00000| Untracked 
| 277|0x0000000722a00000, 0x0000000722c00000, 0x0000000722c00000|100%| O|  |TAMS 0x0000000722c00000| PB 0x0000000722c00000| Untracked 
| 278|0x0000000722c00000, 0x0000000722e00000, 0x0000000722e00000|100%| O|  |TAMS 0x0000000722e00000| PB 0x0000000722e00000| Untracked 
| 279|0x0000000722e00000, 0x0000000723000000, 0x0000000723000000|100%| O|  |TAMS 0x0000000723000000| PB 0x0000000723000000| Untracked 
| 280|0x0000000723000000, 0x0000000723200000, 0x0000000723200000|100%| O|  |TAMS 0x0000000723200000| PB 0x0000000723200000| Updating 
| 281|0x0000000723200000, 0x0000000723400000, 0x0000000723400000|100%| O|  |TAMS 0x0000000723200000| PB 0x0000000723200000| Untracked 
| 282|0x0000000723400000, 0x0000000723600000, 0x0000000723600000|100%| O|  |TAMS 0x0000000723600000| PB 0x0000000723600000| Updating 
| 283|0x0000000723600000, 0x0000000723800000, 0x0000000723800000|100%| O|  |TAMS 0x0000000723800000| PB 0x0000000723800000| Untracked 
| 284|0x0000000723800000, 0x0000000723a00000, 0x0000000723a00000|100%| O|  |TAMS 0x0000000723a00000| PB 0x0000000723a00000| Untracked 
| 285|0x0000000723a00000, 0x0000000723c00000, 0x0000000723c00000|100%| O|  |TAMS 0x0000000723c00000| PB 0x0000000723c00000| Untracked 
| 286|0x0000000723c00000, 0x0000000723e00000, 0x0000000723e00000|100%| O|  |TAMS 0x0000000723c00000| PB 0x0000000723c00000| Untracked 
| 287|0x0000000723e00000, 0x0000000724000000, 0x0000000724000000|100%| O|  |TAMS 0x0000000723e00000| PB 0x0000000723e00000| Untracked 
| 288|0x0000000724000000, 0x0000000724200000, 0x0000000724200000|100%| O|  |TAMS 0x0000000724000000| PB 0x0000000724000000| Untracked 
| 289|0x0000000724200000, 0x0000000724400000, 0x0000000724400000|100%| O|  |TAMS 0x0000000724400000| PB 0x0000000724400000| Updating 
| 290|0x0000000724400000, 0x0000000724600000, 0x0000000724600000|100%| O|  |TAMS 0x0000000724600000| PB 0x0000000724600000| Untracked 
| 291|0x0000000724600000, 0x0000000724800000, 0x0000000724800000|100%| O|  |TAMS 0x0000000724800000| PB 0x0000000724800000| Untracked 
| 292|0x0000000724800000, 0x0000000724a00000, 0x0000000724a00000|100%| O|  |TAMS 0x0000000724a00000| PB 0x0000000724a00000| Untracked 
| 293|0x0000000724a00000, 0x0000000724c00000, 0x0000000724c00000|100%| O|  |TAMS 0x0000000724c00000| PB 0x0000000724c00000| Untracked 
| 294|0x0000000724c00000, 0x0000000724e00000, 0x0000000724e00000|100%| O|  |TAMS 0x0000000724c00000| PB 0x0000000724c00000| Untracked 
| 295|0x0000000724e00000, 0x0000000725000000, 0x0000000725000000|100%| O|  |TAMS 0x0000000724e00000| PB 0x0000000724e00000| Untracked 
| 296|0x0000000725000000, 0x0000000725200000, 0x0000000725200000|100%| O|  |TAMS 0x0000000725200000| PB 0x0000000725200000| Updating 
| 297|0x0000000725200000, 0x0000000725400000, 0x0000000725400000|100%| O|  |TAMS 0x0000000725400000| PB 0x0000000725400000| Untracked 
| 298|0x0000000725400000, 0x0000000725600000, 0x0000000725600000|100%| O|  |TAMS 0x0000000725600000| PB 0x0000000725600000| Untracked 
| 299|0x0000000725600000, 0x0000000725800000, 0x0000000725800000|100%| O|  |TAMS 0x0000000725800000| PB 0x0000000725800000| Updating 
| 300|0x0000000725800000, 0x0000000725a00000, 0x0000000725a00000|100%| O|  |TAMS 0x0000000725a00000| PB 0x0000000725a00000| Updating 
| 301|0x0000000725a00000, 0x0000000725c00000, 0x0000000725c00000|100%| O|  |TAMS 0x0000000725c00000| PB 0x0000000725c00000| Untracked 
| 302|0x0000000725c00000, 0x0000000725e00000, 0x0000000725e00000|100%| O|  |TAMS 0x0000000725e00000| PB 0x0000000725e00000| Untracked 
| 303|0x0000000725e00000, 0x0000000726000000, 0x0000000726000000|100%| O|  |TAMS 0x0000000726000000| PB 0x0000000726000000| Untracked 
| 304|0x0000000726000000, 0x0000000726200000, 0x0000000726200000|100%| O|  |TAMS 0x0000000726200000| PB 0x0000000726200000| Untracked 
| 305|0x0000000726200000, 0x0000000726400000, 0x0000000726400000|100%| O|  |TAMS 0x0000000726400000| PB 0x0000000726400000| Untracked 
| 306|0x0000000726400000, 0x0000000726600000, 0x0000000726600000|100%| O|  |TAMS 0x0000000726600000| PB 0x0000000726600000| Untracked 
| 307|0x0000000726600000, 0x0000000726800000, 0x0000000726800000|100%| O|  |TAMS 0x0000000726800000| PB 0x0000000726800000| Untracked 
| 308|0x0000000726800000, 0x0000000726a00000, 0x0000000726a00000|100%| O|  |TAMS 0x0000000726a00000| PB 0x0000000726a00000| Untracked 
| 309|0x0000000726a00000, 0x0000000726c00000, 0x0000000726c00000|100%| O|  |TAMS 0x0000000726c00000| PB 0x0000000726c00000| Untracked 
| 310|0x0000000726c00000, 0x0000000726e00000, 0x0000000726e00000|100%| O|  |TAMS 0x0000000726e00000| PB 0x0000000726e00000| Updating 
| 311|0x0000000726e00000, 0x0000000727000000, 0x0000000727000000|100%| O|  |TAMS 0x0000000727000000| PB 0x0000000727000000| Untracked 
| 312|0x0000000727000000, 0x0000000727200000, 0x0000000727200000|100%| O|  |TAMS 0x0000000727200000| PB 0x0000000727200000| Untracked 
| 313|0x0000000727200000, 0x0000000727400000, 0x0000000727400000|100%| O|  |TAMS 0x0000000727400000| PB 0x0000000727400000| Untracked 
| 314|0x0000000727400000, 0x0000000727600000, 0x0000000727600000|100%| O|  |TAMS 0x0000000727600000| PB 0x0000000727600000| Untracked 
| 315|0x0000000727600000, 0x0000000727800000, 0x0000000727800000|100%| O|  |TAMS 0x0000000727800000| PB 0x0000000727800000| Updating 
| 316|0x0000000727800000, 0x0000000727a00000, 0x0000000727a00000|100%| O|  |TAMS 0x0000000727a00000| PB 0x0000000727a00000| Untracked 
| 317|0x0000000727a00000, 0x0000000727c00000, 0x0000000727c00000|100%| O|  |TAMS 0x0000000727c00000| PB 0x0000000727c00000| Untracked 
| 318|0x0000000727c00000, 0x0000000727e00000, 0x0000000727e00000|100%| O|  |TAMS 0x0000000727e00000| PB 0x0000000727e00000| Untracked 
| 319|0x0000000727e00000, 0x0000000728000000, 0x0000000728000000|100%| O|  |TAMS 0x0000000728000000| PB 0x0000000728000000| Untracked 
| 320|0x0000000728000000, 0x0000000728200000, 0x0000000728200000|100%| O|  |TAMS 0x0000000728200000| PB 0x0000000728200000| Untracked 
| 321|0x0000000728200000, 0x0000000728400000, 0x0000000728400000|100%| O|  |TAMS 0x0000000728400000| PB 0x0000000728400000| Untracked 
| 322|0x0000000728400000, 0x0000000728600000, 0x0000000728600000|100%| O|  |TAMS 0x0000000728600000| PB 0x0000000728600000| Untracked 
| 323|0x0000000728600000, 0x0000000728800000, 0x0000000728800000|100%| O|  |TAMS 0x0000000728800000| PB 0x0000000728800000| Untracked 
| 324|0x0000000728800000, 0x0000000728a00000, 0x0000000728a00000|100%| O|  |TAMS 0x0000000728a00000| PB 0x0000000728a00000| Untracked 
| 325|0x0000000728a00000, 0x0000000728c00000, 0x0000000728c00000|100%| O|  |TAMS 0x0000000728c00000| PB 0x0000000728c00000| Updating 
| 326|0x0000000728c00000, 0x0000000728e00000, 0x0000000728e00000|100%| O|  |TAMS 0x0000000728e00000| PB 0x0000000728e00000| Updating 
| 327|0x0000000728e00000, 0x0000000729000000, 0x0000000729000000|100%| O|  |TAMS 0x0000000729000000| PB 0x0000000729000000| Updating 
| 328|0x0000000729000000, 0x0000000729200000, 0x0000000729200000|100%| O|  |TAMS 0x0000000729200000| PB 0x0000000729200000| Updating 
| 329|0x0000000729200000, 0x0000000729400000, 0x0000000729400000|100%| O|  |TAMS 0x00000007292b1fa0| PB 0x00000007292b1fa0| Updating 
| 330|0x0000000729400000, 0x0000000729600000, 0x0000000729600000|100%| O|  |TAMS 0x0000000729400000| PB 0x0000000729400000| Untracked 
| 331|0x0000000729600000, 0x0000000729800000, 0x0000000729800000|100%| O|  |TAMS 0x0000000729600000| PB 0x0000000729600000| Untracked 
| 332|0x0000000729800000, 0x0000000729a00000, 0x0000000729a00000|100%| O|  |TAMS 0x0000000729800000| PB 0x0000000729800000| Untracked 
| 333|0x0000000729a00000, 0x0000000729c00000, 0x0000000729c00000|100%| O|  |TAMS 0x0000000729a00000| PB 0x0000000729a00000| Untracked 
| 334|0x0000000729c00000, 0x0000000729e00000, 0x0000000729e00000|100%| O|  |TAMS 0x0000000729c00000| PB 0x0000000729c00000| Untracked 
| 335|0x0000000729e00000, 0x000000072a000000, 0x000000072a000000|100%| O|  |TAMS 0x0000000729e00000| PB 0x0000000729e00000| Untracked 
| 336|0x000000072a000000, 0x000000072a200000, 0x000000072a200000|100%| O|  |TAMS 0x000000072a000000| PB 0x000000072a000000| Untracked 
| 337|0x000000072a200000, 0x000000072a400000, 0x000000072a400000|100%| O|  |TAMS 0x000000072a200000| PB 0x000000072a200000| Untracked 
| 338|0x000000072a400000, 0x000000072a400000, 0x000000072a600000|  0%| F|  |TAMS 0x000000072a400000| PB 0x000000072a400000| Untracked 
| 339|0x000000072a600000, 0x000000072a600000, 0x000000072a800000|  0%| F|  |TAMS 0x000000072a600000| PB 0x000000072a600000| Untracked 
| 340|0x000000072a800000, 0x000000072a800000, 0x000000072aa00000|  0%| F|  |TAMS 0x000000072a800000| PB 0x000000072a800000| Untracked 
| 341|0x000000072aa00000, 0x000000072aa00000, 0x000000072ac00000|  0%| F|  |TAMS 0x000000072aa00000| PB 0x000000072aa00000| Untracked 
| 342|0x000000072ac00000, 0x000000072ac00000, 0x000000072ae00000|  0%| F|  |TAMS 0x000000072ac00000| PB 0x000000072ac00000| Untracked 
| 343|0x000000072ae00000, 0x000000072ae00000, 0x000000072b000000|  0%| F|  |TAMS 0x000000072ae00000| PB 0x000000072ae00000| Untracked 
| 344|0x000000072b000000, 0x000000072b000000, 0x000000072b200000|  0%| F|  |TAMS 0x000000072b000000| PB 0x000000072b000000| Untracked 
| 345|0x000000072b200000, 0x000000072b200000, 0x000000072b400000|  0%| F|  |TAMS 0x000000072b200000| PB 0x000000072b200000| Untracked 
| 346|0x000000072b400000, 0x000000072b400000, 0x000000072b600000|  0%| F|  |TAMS 0x000000072b400000| PB 0x000000072b400000| Untracked 
| 347|0x000000072b600000, 0x000000072b600000, 0x000000072b800000|  0%| F|  |TAMS 0x000000072b600000| PB 0x000000072b600000| Untracked 
| 348|0x000000072b800000, 0x000000072b800000, 0x000000072ba00000|  0%| F|  |TAMS 0x000000072b800000| PB 0x000000072b800000| Untracked 
| 349|0x000000072ba00000, 0x000000072ba00000, 0x000000072bc00000|  0%| F|  |TAMS 0x000000072ba00000| PB 0x000000072ba00000| Untracked 
| 350|0x000000072bc00000, 0x000000072bc00000, 0x000000072be00000|  0%| F|  |TAMS 0x000000072bc00000| PB 0x000000072bc00000| Untracked 
| 351|0x000000072be00000, 0x000000072be00000, 0x000000072c000000|  0%| F|  |TAMS 0x000000072be00000| PB 0x000000072be00000| Untracked 
| 352|0x000000072c000000, 0x000000072c000000, 0x000000072c200000|  0%| F|  |TAMS 0x000000072c000000| PB 0x000000072c000000| Untracked 
| 353|0x000000072c200000, 0x000000072c200000, 0x000000072c400000|  0%| F|  |TAMS 0x000000072c200000| PB 0x000000072c200000| Untracked 
| 354|0x000000072c400000, 0x000000072c400000, 0x000000072c600000|  0%| F|  |TAMS 0x000000072c400000| PB 0x000000072c400000| Untracked 
| 355|0x000000072c600000, 0x000000072c600000, 0x000000072c800000|  0%| F|  |TAMS 0x000000072c600000| PB 0x000000072c600000| Untracked 
| 356|0x000000072c800000, 0x000000072c800000, 0x000000072ca00000|  0%| F|  |TAMS 0x000000072c800000| PB 0x000000072c800000| Untracked 
| 357|0x000000072ca00000, 0x000000072ca00000, 0x000000072cc00000|  0%| F|  |TAMS 0x000000072ca00000| PB 0x000000072ca00000| Untracked 
| 358|0x000000072cc00000, 0x000000072cc00000, 0x000000072ce00000|  0%| F|  |TAMS 0x000000072cc00000| PB 0x000000072cc00000| Untracked 
| 359|0x000000072ce00000, 0x000000072ce00000, 0x000000072d000000|  0%| F|  |TAMS 0x000000072ce00000| PB 0x000000072ce00000| Untracked 
| 360|0x000000072d000000, 0x000000072d000000, 0x000000072d200000|  0%| F|  |TAMS 0x000000072d000000| PB 0x000000072d000000| Untracked 
| 361|0x000000072d200000, 0x000000072d400000, 0x000000072d400000|100%| O|  |TAMS 0x000000072d200000| PB 0x000000072d200000| Untracked 
| 362|0x000000072d400000, 0x000000072d600000, 0x000000072d600000|100%| O|  |TAMS 0x000000072d400000| PB 0x000000072d400000| Untracked 
| 363|0x000000072d600000, 0x000000072d800000, 0x000000072d800000|100%| O|  |TAMS 0x000000072d600000| PB 0x000000072d600000| Untracked 
| 364|0x000000072d800000, 0x000000072da00000, 0x000000072da00000|100%| O|  |TAMS 0x000000072d800000| PB 0x000000072d800000| Untracked 
| 365|0x000000072da00000, 0x000000072dc00000, 0x000000072dc00000|100%| O|  |TAMS 0x000000072da00000| PB 0x000000072da00000| Untracked 
| 366|0x000000072dc00000, 0x000000072de00000, 0x000000072de00000|100%| O|  |TAMS 0x000000072dc00000| PB 0x000000072dc00000| Untracked 
| 367|0x000000072de00000, 0x000000072debb550, 0x000000072e000000| 36%| O|  |TAMS 0x000000072de00000| PB 0x000000072de00000| Updating 
| 368|0x000000072e000000, 0x000000072e000000, 0x000000072e200000|  0%| F|  |TAMS 0x000000072e000000| PB 0x000000072e000000| Untracked 
| 369|0x000000072e200000, 0x000000072e200000, 0x000000072e400000|  0%| F|  |TAMS 0x000000072e200000| PB 0x000000072e200000| Untracked 
| 370|0x000000072e400000, 0x000000072e400000, 0x000000072e600000|  0%| F|  |TAMS 0x000000072e400000| PB 0x000000072e400000| Untracked 
| 371|0x000000072e600000, 0x000000072e600000, 0x000000072e800000|  0%| F|  |TAMS 0x000000072e600000| PB 0x000000072e600000| Untracked 
| 372|0x000000072e800000, 0x000000072e800000, 0x000000072ea00000|  0%| F|  |TAMS 0x000000072e800000| PB 0x000000072e800000| Untracked 
| 373|0x000000072ea00000, 0x000000072ea00000, 0x000000072ec00000|  0%| F|  |TAMS 0x000000072ea00000| PB 0x000000072ea00000| Untracked 
| 374|0x000000072ec00000, 0x000000072ec00000, 0x000000072ee00000|  0%| F|  |TAMS 0x000000072ec00000| PB 0x000000072ec00000| Untracked 
| 375|0x000000072ee00000, 0x000000072ee00000, 0x000000072f000000|  0%| F|  |TAMS 0x000000072ee00000| PB 0x000000072ee00000| Untracked 
| 376|0x000000072f000000, 0x000000072f000000, 0x000000072f200000|  0%| F|  |TAMS 0x000000072f000000| PB 0x000000072f000000| Untracked 
| 377|0x000000072f200000, 0x000000072f200000, 0x000000072f400000|  0%| F|  |TAMS 0x000000072f200000| PB 0x000000072f200000| Untracked 
| 378|0x000000072f400000, 0x000000072f400000, 0x000000072f600000|  0%| F|  |TAMS 0x000000072f400000| PB 0x000000072f400000| Untracked 
| 379|0x000000072f600000, 0x000000072f600000, 0x000000072f800000|  0%| F|  |TAMS 0x000000072f600000| PB 0x000000072f600000| Untracked 
| 380|0x000000072f800000, 0x000000072f800000, 0x000000072fa00000|  0%| F|  |TAMS 0x000000072f800000| PB 0x000000072f800000| Untracked 
| 381|0x000000072fa00000, 0x000000072fa00000, 0x000000072fc00000|  0%| F|  |TAMS 0x000000072fa00000| PB 0x000000072fa00000| Untracked 
| 382|0x000000072fc00000, 0x000000072fc00000, 0x000000072fe00000|  0%| F|  |TAMS 0x000000072fc00000| PB 0x000000072fc00000| Untracked 
| 383|0x000000072fe00000, 0x000000072fe00000, 0x0000000730000000|  0%| F|  |TAMS 0x000000072fe00000| PB 0x000000072fe00000| Untracked 
| 384|0x0000000730000000, 0x0000000730000000, 0x0000000730200000|  0%| F|  |TAMS 0x0000000730000000| PB 0x0000000730000000| Untracked 
| 385|0x0000000730200000, 0x0000000730200000, 0x0000000730400000|  0%| F|  |TAMS 0x0000000730200000| PB 0x0000000730200000| Untracked 
| 386|0x0000000730400000, 0x0000000730400000, 0x0000000730600000|  0%| F|  |TAMS 0x0000000730400000| PB 0x0000000730400000| Untracked 
| 387|0x0000000730600000, 0x0000000730600000, 0x0000000730800000|  0%| F|  |TAMS 0x0000000730600000| PB 0x0000000730600000| Untracked 
| 388|0x0000000730800000, 0x0000000730800000, 0x0000000730a00000|  0%| F|  |TAMS 0x0000000730800000| PB 0x0000000730800000| Untracked 
| 389|0x0000000730a00000, 0x0000000730a00000, 0x0000000730c00000|  0%| F|  |TAMS 0x0000000730a00000| PB 0x0000000730a00000| Untracked 
| 390|0x0000000730c00000, 0x0000000730c00000, 0x0000000730e00000|  0%| F|  |TAMS 0x0000000730c00000| PB 0x0000000730c00000| Untracked 
| 391|0x0000000730e00000, 0x0000000730e00000, 0x0000000731000000|  0%| F|  |TAMS 0x0000000730e00000| PB 0x0000000730e00000| Untracked 
| 392|0x0000000731000000, 0x0000000731000000, 0x0000000731200000|  0%| F|  |TAMS 0x0000000731000000| PB 0x0000000731000000| Untracked 
| 393|0x0000000731200000, 0x0000000731200000, 0x0000000731400000|  0%| F|  |TAMS 0x0000000731200000| PB 0x0000000731200000| Untracked 
| 394|0x0000000731400000, 0x0000000731400000, 0x0000000731600000|  0%| F|  |TAMS 0x0000000731400000| PB 0x0000000731400000| Untracked 
| 395|0x0000000731600000, 0x0000000731600000, 0x0000000731800000|  0%| F|  |TAMS 0x0000000731600000| PB 0x0000000731600000| Untracked 
| 396|0x0000000731800000, 0x0000000731800000, 0x0000000731a00000|  0%| F|  |TAMS 0x0000000731800000| PB 0x0000000731800000| Untracked 
| 397|0x0000000731a00000, 0x0000000731a00000, 0x0000000731c00000|  0%| F|  |TAMS 0x0000000731a00000| PB 0x0000000731a00000| Untracked 
| 398|0x0000000731c00000, 0x0000000731c00000, 0x0000000731e00000|  0%| F|  |TAMS 0x0000000731c00000| PB 0x0000000731c00000| Untracked 
| 399|0x0000000731e00000, 0x0000000731e00000, 0x0000000732000000|  0%| F|  |TAMS 0x0000000731e00000| PB 0x0000000731e00000| Untracked 
| 400|0x0000000732000000, 0x0000000732000000, 0x0000000732200000|  0%| F|  |TAMS 0x0000000732000000| PB 0x0000000732000000| Untracked 
| 401|0x0000000732200000, 0x0000000732200000, 0x0000000732400000|  0%| F|  |TAMS 0x0000000732200000| PB 0x0000000732200000| Untracked 
| 402|0x0000000732400000, 0x0000000732400000, 0x0000000732600000|  0%| F|  |TAMS 0x0000000732400000| PB 0x0000000732400000| Untracked 
| 403|0x0000000732600000, 0x0000000732600000, 0x0000000732800000|  0%| F|  |TAMS 0x0000000732600000| PB 0x0000000732600000| Untracked 
| 404|0x0000000732800000, 0x0000000732800000, 0x0000000732a00000|  0%| F|  |TAMS 0x0000000732800000| PB 0x0000000732800000| Untracked 
| 405|0x0000000732a00000, 0x0000000732a00000, 0x0000000732c00000|  0%| F|  |TAMS 0x0000000732a00000| PB 0x0000000732a00000| Untracked 
| 406|0x0000000732c00000, 0x0000000732c00000, 0x0000000732e00000|  0%| F|  |TAMS 0x0000000732c00000| PB 0x0000000732c00000| Untracked 
| 407|0x0000000732e00000, 0x0000000732e00000, 0x0000000733000000|  0%| F|  |TAMS 0x0000000732e00000| PB 0x0000000732e00000| Untracked 
| 408|0x0000000733000000, 0x0000000733000000, 0x0000000733200000|  0%| F|  |TAMS 0x0000000733000000| PB 0x0000000733000000| Untracked 
| 409|0x0000000733200000, 0x0000000733200000, 0x0000000733400000|  0%| F|  |TAMS 0x0000000733200000| PB 0x0000000733200000| Untracked 
| 410|0x0000000733400000, 0x0000000733400000, 0x0000000733600000|  0%| F|  |TAMS 0x0000000733400000| PB 0x0000000733400000| Untracked 
| 411|0x0000000733600000, 0x0000000733600000, 0x0000000733800000|  0%| F|  |TAMS 0x0000000733600000| PB 0x0000000733600000| Untracked 
| 412|0x0000000733800000, 0x0000000733800000, 0x0000000733a00000|  0%| F|  |TAMS 0x0000000733800000| PB 0x0000000733800000| Untracked 
| 413|0x0000000733a00000, 0x0000000733a00000, 0x0000000733c00000|  0%| F|  |TAMS 0x0000000733a00000| PB 0x0000000733a00000| Untracked 
| 414|0x0000000733c00000, 0x0000000733c00000, 0x0000000733e00000|  0%| F|  |TAMS 0x0000000733c00000| PB 0x0000000733c00000| Untracked 
| 415|0x0000000733e00000, 0x0000000733e00000, 0x0000000734000000|  0%| F|  |TAMS 0x0000000733e00000| PB 0x0000000733e00000| Untracked 
| 416|0x0000000734000000, 0x0000000734000000, 0x0000000734200000|  0%| F|  |TAMS 0x0000000734000000| PB 0x0000000734000000| Untracked 
| 417|0x0000000734200000, 0x0000000734200000, 0x0000000734400000|  0%| F|  |TAMS 0x0000000734200000| PB 0x0000000734200000| Untracked 
| 418|0x0000000734400000, 0x0000000734400000, 0x0000000734600000|  0%| F|  |TAMS 0x0000000734400000| PB 0x0000000734400000| Untracked 
| 419|0x0000000734600000, 0x0000000734600000, 0x0000000734800000|  0%| F|  |TAMS 0x0000000734600000| PB 0x0000000734600000| Untracked 
| 420|0x0000000734800000, 0x0000000734800000, 0x0000000734a00000|  0%| F|  |TAMS 0x0000000734800000| PB 0x0000000734800000| Untracked 
| 421|0x0000000734a00000, 0x0000000734a00000, 0x0000000734c00000|  0%| F|  |TAMS 0x0000000734a00000| PB 0x0000000734a00000| Untracked 
| 422|0x0000000734c00000, 0x0000000734c00000, 0x0000000734e00000|  0%| F|  |TAMS 0x0000000734c00000| PB 0x0000000734c00000| Untracked 
| 423|0x0000000734e00000, 0x0000000734e00000, 0x0000000735000000|  0%| F|  |TAMS 0x0000000734e00000| PB 0x0000000734e00000| Untracked 
| 424|0x0000000735000000, 0x0000000735000000, 0x0000000735200000|  0%| F|  |TAMS 0x0000000735000000| PB 0x0000000735000000| Untracked 
| 425|0x0000000735200000, 0x0000000735200000, 0x0000000735400000|  0%| F|  |TAMS 0x0000000735200000| PB 0x0000000735200000| Untracked 
| 426|0x0000000735400000, 0x0000000735400000, 0x0000000735600000|  0%| F|  |TAMS 0x0000000735400000| PB 0x0000000735400000| Untracked 
| 427|0x0000000735600000, 0x0000000735600000, 0x0000000735800000|  0%| F|  |TAMS 0x0000000735600000| PB 0x0000000735600000| Untracked 
| 428|0x0000000735800000, 0x0000000735800000, 0x0000000735a00000|  0%| F|  |TAMS 0x0000000735800000| PB 0x0000000735800000| Untracked 
| 429|0x0000000735a00000, 0x0000000735a00000, 0x0000000735c00000|  0%| F|  |TAMS 0x0000000735a00000| PB 0x0000000735a00000| Untracked 
| 430|0x0000000735c00000, 0x0000000735c00000, 0x0000000735e00000|  0%| F|  |TAMS 0x0000000735c00000| PB 0x0000000735c00000| Untracked 
| 431|0x0000000735e00000, 0x0000000735e00000, 0x0000000736000000|  0%| F|  |TAMS 0x0000000735e00000| PB 0x0000000735e00000| Untracked 
| 432|0x0000000736000000, 0x0000000736000000, 0x0000000736200000|  0%| F|  |TAMS 0x0000000736000000| PB 0x0000000736000000| Untracked 
| 433|0x0000000736200000, 0x0000000736200000, 0x0000000736400000|  0%| F|  |TAMS 0x0000000736200000| PB 0x0000000736200000| Untracked 
| 434|0x0000000736400000, 0x0000000736400000, 0x0000000736600000|  0%| F|  |TAMS 0x0000000736400000| PB 0x0000000736400000| Untracked 
| 435|0x0000000736600000, 0x0000000736600000, 0x0000000736800000|  0%| F|  |TAMS 0x0000000736600000| PB 0x0000000736600000| Untracked 
| 436|0x0000000736800000, 0x0000000736800000, 0x0000000736a00000|  0%| F|  |TAMS 0x0000000736800000| PB 0x0000000736800000| Untracked 
| 437|0x0000000736a00000, 0x0000000736a00000, 0x0000000736c00000|  0%| F|  |TAMS 0x0000000736a00000| PB 0x0000000736a00000| Untracked 
| 438|0x0000000736c00000, 0x0000000736c00000, 0x0000000736e00000|  0%| F|  |TAMS 0x0000000736c00000| PB 0x0000000736c00000| Untracked 
| 439|0x0000000736e00000, 0x0000000736e00000, 0x0000000737000000|  0%| F|  |TAMS 0x0000000736e00000| PB 0x0000000736e00000| Untracked 
| 440|0x0000000737000000, 0x0000000737000000, 0x0000000737200000|  0%| F|  |TAMS 0x0000000737000000| PB 0x0000000737000000| Untracked 
| 441|0x0000000737200000, 0x0000000737200000, 0x0000000737400000|  0%| F|  |TAMS 0x0000000737200000| PB 0x0000000737200000| Untracked 
| 442|0x0000000737400000, 0x0000000737400000, 0x0000000737600000|  0%| F|  |TAMS 0x0000000737400000| PB 0x0000000737400000| Untracked 
| 443|0x0000000737600000, 0x0000000737600000, 0x0000000737800000|  0%| F|  |TAMS 0x0000000737600000| PB 0x0000000737600000| Untracked 
| 444|0x0000000737800000, 0x0000000737800000, 0x0000000737a00000|  0%| F|  |TAMS 0x0000000737800000| PB 0x0000000737800000| Untracked 
| 445|0x0000000737a00000, 0x0000000737a00000, 0x0000000737c00000|  0%| F|  |TAMS 0x0000000737a00000| PB 0x0000000737a00000| Untracked 
| 446|0x0000000737c00000, 0x0000000737c00000, 0x0000000737e00000|  0%| F|  |TAMS 0x0000000737c00000| PB 0x0000000737c00000| Untracked 
| 447|0x0000000737e00000, 0x0000000737e00000, 0x0000000738000000|  0%| F|  |TAMS 0x0000000737e00000| PB 0x0000000737e00000| Untracked 
| 448|0x0000000738000000, 0x0000000738000000, 0x0000000738200000|  0%| F|  |TAMS 0x0000000738000000| PB 0x0000000738000000| Untracked 
| 449|0x0000000738200000, 0x0000000738200000, 0x0000000738400000|  0%| F|  |TAMS 0x0000000738200000| PB 0x0000000738200000| Untracked 
| 450|0x0000000738400000, 0x0000000738400000, 0x0000000738600000|  0%| F|  |TAMS 0x0000000738400000| PB 0x0000000738400000| Untracked 
| 451|0x0000000738600000, 0x0000000738600000, 0x0000000738800000|  0%| F|  |TAMS 0x0000000738600000| PB 0x0000000738600000| Untracked 
| 452|0x0000000738800000, 0x0000000738800000, 0x0000000738a00000|  0%| F|  |TAMS 0x0000000738800000| PB 0x0000000738800000| Untracked 
| 453|0x0000000738a00000, 0x0000000738a00000, 0x0000000738c00000|  0%| F|  |TAMS 0x0000000738a00000| PB 0x0000000738a00000| Untracked 
| 454|0x0000000738c00000, 0x0000000738c00000, 0x0000000738e00000|  0%| F|  |TAMS 0x0000000738c00000| PB 0x0000000738c00000| Untracked 
| 455|0x0000000738e00000, 0x0000000738e00000, 0x0000000739000000|  0%| F|  |TAMS 0x0000000738e00000| PB 0x0000000738e00000| Untracked 
| 456|0x0000000739000000, 0x0000000739000000, 0x0000000739200000|  0%| F|  |TAMS 0x0000000739000000| PB 0x0000000739000000| Untracked 
| 457|0x0000000739200000, 0x0000000739200000, 0x0000000739400000|  0%| F|  |TAMS 0x0000000739200000| PB 0x0000000739200000| Untracked 
| 458|0x0000000739400000, 0x0000000739400000, 0x0000000739600000|  0%| F|  |TAMS 0x0000000739400000| PB 0x0000000739400000| Untracked 
| 459|0x0000000739600000, 0x0000000739600000, 0x0000000739800000|  0%| F|  |TAMS 0x0000000739600000| PB 0x0000000739600000| Untracked 
| 460|0x0000000739800000, 0x0000000739800000, 0x0000000739a00000|  0%| F|  |TAMS 0x0000000739800000| PB 0x0000000739800000| Untracked 
| 461|0x0000000739a00000, 0x0000000739a00000, 0x0000000739c00000|  0%| F|  |TAMS 0x0000000739a00000| PB 0x0000000739a00000| Untracked 
| 462|0x0000000739c00000, 0x0000000739c00000, 0x0000000739e00000|  0%| F|  |TAMS 0x0000000739c00000| PB 0x0000000739c00000| Untracked 
| 463|0x0000000739e00000, 0x0000000739e00000, 0x000000073a000000|  0%| F|  |TAMS 0x0000000739e00000| PB 0x0000000739e00000| Untracked 
| 464|0x000000073a000000, 0x000000073a000000, 0x000000073a200000|  0%| F|  |TAMS 0x000000073a000000| PB 0x000000073a000000| Untracked 
| 465|0x000000073a200000, 0x000000073a200000, 0x000000073a400000|  0%| F|  |TAMS 0x000000073a200000| PB 0x000000073a200000| Untracked 
| 466|0x000000073a400000, 0x000000073a400000, 0x000000073a600000|  0%| F|  |TAMS 0x000000073a400000| PB 0x000000073a400000| Untracked 
| 467|0x000000073a600000, 0x000000073a600000, 0x000000073a800000|  0%| F|  |TAMS 0x000000073a600000| PB 0x000000073a600000| Untracked 
| 468|0x000000073a800000, 0x000000073a800000, 0x000000073aa00000|  0%| F|  |TAMS 0x000000073a800000| PB 0x000000073a800000| Untracked 
| 469|0x000000073aa00000, 0x000000073aa00000, 0x000000073ac00000|  0%| F|  |TAMS 0x000000073aa00000| PB 0x000000073aa00000| Untracked 
| 470|0x000000073ac00000, 0x000000073ac00000, 0x000000073ae00000|  0%| F|  |TAMS 0x000000073ac00000| PB 0x000000073ac00000| Untracked 
| 471|0x000000073ae00000, 0x000000073ae00000, 0x000000073b000000|  0%| F|  |TAMS 0x000000073ae00000| PB 0x000000073ae00000| Untracked 
| 472|0x000000073b000000, 0x000000073b000000, 0x000000073b200000|  0%| F|  |TAMS 0x000000073b000000| PB 0x000000073b000000| Untracked 
| 473|0x000000073b200000, 0x000000073b200000, 0x000000073b400000|  0%| F|  |TAMS 0x000000073b200000| PB 0x000000073b200000| Untracked 
| 474|0x000000073b400000, 0x000000073b400000, 0x000000073b600000|  0%| F|  |TAMS 0x000000073b400000| PB 0x000000073b400000| Untracked 
| 475|0x000000073b600000, 0x000000073b600000, 0x000000073b800000|  0%| F|  |TAMS 0x000000073b600000| PB 0x000000073b600000| Untracked 
| 476|0x000000073b800000, 0x000000073b800000, 0x000000073ba00000|  0%| F|  |TAMS 0x000000073b800000| PB 0x000000073b800000| Untracked 
| 477|0x000000073ba00000, 0x000000073ba00000, 0x000000073bc00000|  0%| F|  |TAMS 0x000000073ba00000| PB 0x000000073ba00000| Untracked 
| 478|0x000000073bc00000, 0x000000073bc00000, 0x000000073be00000|  0%| F|  |TAMS 0x000000073bc00000| PB 0x000000073bc00000| Untracked 
| 479|0x000000073be00000, 0x000000073be00000, 0x000000073c000000|  0%| F|  |TAMS 0x000000073be00000| PB 0x000000073be00000| Untracked 
| 480|0x000000073c000000, 0x000000073c000000, 0x000000073c200000|  0%| F|  |TAMS 0x000000073c000000| PB 0x000000073c000000| Untracked 
| 481|0x000000073c200000, 0x000000073c200000, 0x000000073c400000|  0%| F|  |TAMS 0x000000073c200000| PB 0x000000073c200000| Untracked 
| 482|0x000000073c400000, 0x000000073c400000, 0x000000073c600000|  0%| F|  |TAMS 0x000000073c400000| PB 0x000000073c400000| Untracked 
| 483|0x000000073c600000, 0x000000073c600000, 0x000000073c800000|  0%| F|  |TAMS 0x000000073c600000| PB 0x000000073c600000| Untracked 
| 484|0x000000073c800000, 0x000000073c800000, 0x000000073ca00000|  0%| F|  |TAMS 0x000000073c800000| PB 0x000000073c800000| Untracked 
| 485|0x000000073ca00000, 0x000000073ca00000, 0x000000073cc00000|  0%| F|  |TAMS 0x000000073ca00000| PB 0x000000073ca00000| Untracked 
| 486|0x000000073cc00000, 0x000000073cc00000, 0x000000073ce00000|  0%| F|  |TAMS 0x000000073cc00000| PB 0x000000073cc00000| Untracked 
| 487|0x000000073ce00000, 0x000000073ce00000, 0x000000073d000000|  0%| F|  |TAMS 0x000000073ce00000| PB 0x000000073ce00000| Untracked 
| 488|0x000000073d000000, 0x000000073d000000, 0x000000073d200000|  0%| F|  |TAMS 0x000000073d000000| PB 0x000000073d000000| Untracked 
| 489|0x000000073d200000, 0x000000073d200000, 0x000000073d400000|  0%| F|  |TAMS 0x000000073d200000| PB 0x000000073d200000| Untracked 
| 490|0x000000073d400000, 0x000000073d400000, 0x000000073d600000|  0%| F|  |TAMS 0x000000073d400000| PB 0x000000073d400000| Untracked 
| 491|0x000000073d600000, 0x000000073d600000, 0x000000073d800000|  0%| F|  |TAMS 0x000000073d600000| PB 0x000000073d600000| Untracked 
| 492|0x000000073d800000, 0x000000073d800000, 0x000000073da00000|  0%| F|  |TAMS 0x000000073d800000| PB 0x000000073d800000| Untracked 
| 493|0x000000073da00000, 0x000000073da00000, 0x000000073dc00000|  0%| F|  |TAMS 0x000000073da00000| PB 0x000000073da00000| Untracked 
| 494|0x000000073dc00000, 0x000000073dc00000, 0x000000073de00000|  0%| F|  |TAMS 0x000000073dc00000| PB 0x000000073dc00000| Untracked 
| 495|0x000000073de00000, 0x000000073de00000, 0x000000073e000000|  0%| F|  |TAMS 0x000000073de00000| PB 0x000000073de00000| Untracked 
| 496|0x000000073e000000, 0x000000073e000000, 0x000000073e200000|  0%| F|  |TAMS 0x000000073e000000| PB 0x000000073e000000| Untracked 
| 497|0x000000073e200000, 0x000000073e200000, 0x000000073e400000|  0%| F|  |TAMS 0x000000073e200000| PB 0x000000073e200000| Untracked 
| 498|0x000000073e400000, 0x000000073e400000, 0x000000073e600000|  0%| F|  |TAMS 0x000000073e400000| PB 0x000000073e400000| Untracked 
| 499|0x000000073e600000, 0x000000073e600000, 0x000000073e800000|  0%| F|  |TAMS 0x000000073e600000| PB 0x000000073e600000| Untracked 
| 500|0x000000073e800000, 0x000000073e800000, 0x000000073ea00000|  0%| F|  |TAMS 0x000000073e800000| PB 0x000000073e800000| Untracked 
| 501|0x000000073ea00000, 0x000000073ea00000, 0x000000073ec00000|  0%| F|  |TAMS 0x000000073ea00000| PB 0x000000073ea00000| Untracked 
| 502|0x000000073ec00000, 0x000000073ec00000, 0x000000073ee00000|  0%| F|  |TAMS 0x000000073ec00000| PB 0x000000073ec00000| Untracked 
| 503|0x000000073ee00000, 0x000000073ee00000, 0x000000073f000000|  0%| F|  |TAMS 0x000000073ee00000| PB 0x000000073ee00000| Untracked 
| 504|0x000000073f000000, 0x000000073f000000, 0x000000073f200000|  0%| F|  |TAMS 0x000000073f000000| PB 0x000000073f000000| Untracked 
| 505|0x000000073f200000, 0x000000073f200000, 0x000000073f400000|  0%| F|  |TAMS 0x000000073f200000| PB 0x000000073f200000| Untracked 
| 506|0x000000073f400000, 0x000000073f400000, 0x000000073f600000|  0%| F|  |TAMS 0x000000073f400000| PB 0x000000073f400000| Untracked 
| 507|0x000000073f600000, 0x000000073f600000, 0x000000073f800000|  0%| F|  |TAMS 0x000000073f600000| PB 0x000000073f600000| Untracked 
| 508|0x000000073f800000, 0x000000073f800000, 0x000000073fa00000|  0%| F|  |TAMS 0x000000073f800000| PB 0x000000073f800000| Untracked 
| 509|0x000000073fa00000, 0x000000073fba5400, 0x000000073fc00000| 82%| S|CS|TAMS 0x000000073fa00000| PB 0x000000073fa00000| Complete 
| 510|0x000000073fc00000, 0x000000073fe00000, 0x000000073fe00000|100%| S|CS|TAMS 0x000000073fc00000| PB 0x000000073fc00000| Complete 
| 511|0x000000073fe00000, 0x0000000740000000, 0x0000000740000000|100%| S|CS|TAMS 0x000000073fe00000| PB 0x000000073fe00000| Complete 
| 512|0x0000000740000000, 0x0000000740000000, 0x0000000740200000|  0%| F|  |TAMS 0x0000000740000000| PB 0x0000000740000000| Untracked 
| 513|0x0000000740200000, 0x0000000740200000, 0x0000000740400000|  0%| F|  |TAMS 0x0000000740200000| PB 0x0000000740200000| Untracked 
| 514|0x0000000740400000, 0x0000000740400000, 0x0000000740600000|  0%| F|  |TAMS 0x0000000740400000| PB 0x0000000740400000| Untracked 
| 515|0x0000000740600000, 0x0000000740600000, 0x0000000740800000|  0%| F|  |TAMS 0x0000000740600000| PB 0x0000000740600000| Untracked 
| 516|0x0000000740800000, 0x0000000740800000, 0x0000000740a00000|  0%| F|  |TAMS 0x0000000740800000| PB 0x0000000740800000| Untracked 
| 517|0x0000000740a00000, 0x0000000740a00000, 0x0000000740c00000|  0%| F|  |TAMS 0x0000000740a00000| PB 0x0000000740a00000| Untracked 
| 518|0x0000000740c00000, 0x0000000740c00000, 0x0000000740e00000|  0%| F|  |TAMS 0x0000000740c00000| PB 0x0000000740c00000| Untracked 
| 519|0x0000000740e00000, 0x0000000740e00000, 0x0000000741000000|  0%| F|  |TAMS 0x0000000740e00000| PB 0x0000000740e00000| Untracked 
| 520|0x0000000741000000, 0x0000000741000000, 0x0000000741200000|  0%| F|  |TAMS 0x0000000741000000| PB 0x0000000741000000| Untracked 
| 521|0x0000000741200000, 0x0000000741200000, 0x0000000741400000|  0%| F|  |TAMS 0x0000000741200000| PB 0x0000000741200000| Untracked 
| 522|0x0000000741400000, 0x0000000741400000, 0x0000000741600000|  0%| F|  |TAMS 0x0000000741400000| PB 0x0000000741400000| Untracked 
| 523|0x0000000741600000, 0x0000000741600000, 0x0000000741800000|  0%| F|  |TAMS 0x0000000741600000| PB 0x0000000741600000| Untracked 
| 524|0x0000000741800000, 0x0000000741800000, 0x0000000741a00000|  0%| F|  |TAMS 0x0000000741800000| PB 0x0000000741800000| Untracked 
| 525|0x0000000741a00000, 0x0000000741a00000, 0x0000000741c00000|  0%| F|  |TAMS 0x0000000741a00000| PB 0x0000000741a00000| Untracked 
| 526|0x0000000741c00000, 0x0000000741c00000, 0x0000000741e00000|  0%| F|  |TAMS 0x0000000741c00000| PB 0x0000000741c00000| Untracked 
| 527|0x0000000741e00000, 0x0000000741e00000, 0x0000000742000000|  0%| F|  |TAMS 0x0000000741e00000| PB 0x0000000741e00000| Untracked 
| 528|0x0000000742000000, 0x0000000742200000, 0x0000000742200000|100%| E|CS|TAMS 0x0000000742000000| PB 0x0000000742000000| Complete 
| 529|0x0000000742200000, 0x0000000742400000, 0x0000000742400000|100%| E|CS|TAMS 0x0000000742200000| PB 0x0000000742200000| Complete 
| 530|0x0000000742400000, 0x0000000742600000, 0x0000000742600000|100%| E|CS|TAMS 0x0000000742400000| PB 0x0000000742400000| Complete 
| 531|0x0000000742600000, 0x0000000742800000, 0x0000000742800000|100%| E|CS|TAMS 0x0000000742600000| PB 0x0000000742600000| Complete 
| 532|0x0000000742800000, 0x0000000742a00000, 0x0000000742a00000|100%| E|CS|TAMS 0x0000000742800000| PB 0x0000000742800000| Complete 
| 533|0x0000000742a00000, 0x0000000742c00000, 0x0000000742c00000|100%| E|CS|TAMS 0x0000000742a00000| PB 0x0000000742a00000| Complete 
| 534|0x0000000742c00000, 0x0000000742c00000, 0x0000000742e00000|  0%| F|  |TAMS 0x0000000742c00000| PB 0x0000000742c00000| Untracked 
| 535|0x0000000742e00000, 0x0000000742e00000, 0x0000000743000000|  0%| F|  |TAMS 0x0000000742e00000| PB 0x0000000742e00000| Untracked 
| 536|0x0000000743000000, 0x0000000743000000, 0x0000000743200000|  0%| F|  |TAMS 0x0000000743000000| PB 0x0000000743000000| Untracked 
| 537|0x0000000743200000, 0x0000000743200000, 0x0000000743400000|  0%| F|  |TAMS 0x0000000743200000| PB 0x0000000743200000| Untracked 
| 538|0x0000000743400000, 0x0000000743400000, 0x0000000743600000|  0%| F|  |TAMS 0x0000000743400000| PB 0x0000000743400000| Untracked 
| 539|0x0000000743600000, 0x0000000743600000, 0x0000000743800000|  0%| F|  |TAMS 0x0000000743600000| PB 0x0000000743600000| Untracked 
| 540|0x0000000743800000, 0x0000000743800000, 0x0000000743a00000|  0%| F|  |TAMS 0x0000000743800000| PB 0x0000000743800000| Untracked 
| 541|0x0000000743a00000, 0x0000000743a00000, 0x0000000743c00000|  0%| F|  |TAMS 0x0000000743a00000| PB 0x0000000743a00000| Untracked 
| 542|0x0000000743c00000, 0x0000000743c00000, 0x0000000743e00000|  0%| F|  |TAMS 0x0000000743c00000| PB 0x0000000743c00000| Untracked 
| 543|0x0000000743e00000, 0x0000000743e00000, 0x0000000744000000|  0%| F|  |TAMS 0x0000000743e00000| PB 0x0000000743e00000| Untracked 
| 544|0x0000000744000000, 0x0000000744000000, 0x0000000744200000|  0%| F|  |TAMS 0x0000000744000000| PB 0x0000000744000000| Untracked 
| 545|0x0000000744200000, 0x0000000744200000, 0x0000000744400000|  0%| F|  |TAMS 0x0000000744200000| PB 0x0000000744200000| Untracked 
| 546|0x0000000744400000, 0x0000000744400000, 0x0000000744600000|  0%| F|  |TAMS 0x0000000744400000| PB 0x0000000744400000| Untracked 
| 547|0x0000000744600000, 0x0000000744600000, 0x0000000744800000|  0%| F|  |TAMS 0x0000000744600000| PB 0x0000000744600000| Untracked 
| 548|0x0000000744800000, 0x0000000744800000, 0x0000000744a00000|  0%| F|  |TAMS 0x0000000744800000| PB 0x0000000744800000| Untracked 
| 549|0x0000000744a00000, 0x0000000744a00000, 0x0000000744c00000|  0%| F|  |TAMS 0x0000000744a00000| PB 0x0000000744a00000| Untracked 
| 550|0x0000000744c00000, 0x0000000744c00000, 0x0000000744e00000|  0%| F|  |TAMS 0x0000000744c00000| PB 0x0000000744c00000| Untracked 
| 551|0x0000000744e00000, 0x0000000744e00000, 0x0000000745000000|  0%| F|  |TAMS 0x0000000744e00000| PB 0x0000000744e00000| Untracked 
| 552|0x0000000745000000, 0x0000000745000000, 0x0000000745200000|  0%| F|  |TAMS 0x0000000745000000| PB 0x0000000745000000| Untracked 
| 553|0x0000000745200000, 0x0000000745200000, 0x0000000745400000|  0%| F|  |TAMS 0x0000000745200000| PB 0x0000000745200000| Untracked 
| 554|0x0000000745400000, 0x0000000745400000, 0x0000000745600000|  0%| F|  |TAMS 0x0000000745400000| PB 0x0000000745400000| Untracked 
| 555|0x0000000745600000, 0x0000000745600000, 0x0000000745800000|  0%| F|  |TAMS 0x0000000745600000| PB 0x0000000745600000| Untracked 
| 556|0x0000000745800000, 0x0000000745800000, 0x0000000745a00000|  0%| F|  |TAMS 0x0000000745800000| PB 0x0000000745800000| Untracked 
| 557|0x0000000745a00000, 0x0000000745a00000, 0x0000000745c00000|  0%| F|  |TAMS 0x0000000745a00000| PB 0x0000000745a00000| Untracked 
| 558|0x0000000745c00000, 0x0000000745c00000, 0x0000000745e00000|  0%| F|  |TAMS 0x0000000745c00000| PB 0x0000000745c00000| Untracked 
| 559|0x0000000745e00000, 0x0000000745e00000, 0x0000000746000000|  0%| F|  |TAMS 0x0000000745e00000| PB 0x0000000745e00000| Untracked 
| 560|0x0000000746000000, 0x0000000746000000, 0x0000000746200000|  0%| F|  |TAMS 0x0000000746000000| PB 0x0000000746000000| Untracked 
| 561|0x0000000746200000, 0x0000000746200000, 0x0000000746400000|  0%| F|  |TAMS 0x0000000746200000| PB 0x0000000746200000| Untracked 
| 562|0x0000000746400000, 0x0000000746400000, 0x0000000746600000|  0%| F|  |TAMS 0x0000000746400000| PB 0x0000000746400000| Untracked 
| 563|0x0000000746600000, 0x0000000746600000, 0x0000000746800000|  0%| F|  |TAMS 0x0000000746600000| PB 0x0000000746600000| Untracked 
| 564|0x0000000746800000, 0x0000000746800000, 0x0000000746a00000|  0%| F|  |TAMS 0x0000000746800000| PB 0x0000000746800000| Untracked 
| 565|0x0000000746a00000, 0x0000000746a00000, 0x0000000746c00000|  0%| F|  |TAMS 0x0000000746a00000| PB 0x0000000746a00000| Untracked 
| 566|0x0000000746c00000, 0x0000000746c00000, 0x0000000746e00000|  0%| F|  |TAMS 0x0000000746c00000| PB 0x0000000746c00000| Untracked 
| 567|0x0000000746e00000, 0x0000000746e00000, 0x0000000747000000|  0%| F|  |TAMS 0x0000000746e00000| PB 0x0000000746e00000| Untracked 
| 568|0x0000000747000000, 0x0000000747000000, 0x0000000747200000|  0%| F|  |TAMS 0x0000000747000000| PB 0x0000000747000000| Untracked 
| 569|0x0000000747200000, 0x0000000747200000, 0x0000000747400000|  0%| F|  |TAMS 0x0000000747200000| PB 0x0000000747200000| Untracked 
| 570|0x0000000747400000, 0x0000000747400000, 0x0000000747600000|  0%| F|  |TAMS 0x0000000747400000| PB 0x0000000747400000| Untracked 
| 571|0x0000000747600000, 0x0000000747600000, 0x0000000747800000|  0%| F|  |TAMS 0x0000000747600000| PB 0x0000000747600000| Untracked 
| 572|0x0000000747800000, 0x0000000747800000, 0x0000000747a00000|  0%| F|  |TAMS 0x0000000747800000| PB 0x0000000747800000| Untracked 
| 573|0x0000000747a00000, 0x0000000747b6d9d8, 0x0000000747c00000| 71%| E|  |TAMS 0x0000000747a00000| PB 0x0000000747a00000| Complete 
| 574|0x0000000747c00000, 0x0000000747e00000, 0x0000000747e00000|100%| E|CS|TAMS 0x0000000747c00000| PB 0x0000000747c00000| Complete 
| 575|0x0000000747e00000, 0x0000000748000000, 0x0000000748000000|100%| E|CS|TAMS 0x0000000747e00000| PB 0x0000000747e00000| Complete 
| 576|0x0000000748000000, 0x0000000748200000, 0x0000000748200000|100%| E|CS|TAMS 0x0000000748000000| PB 0x0000000748000000| Complete 
| 577|0x0000000748200000, 0x0000000748400000, 0x0000000748400000|100%| E|CS|TAMS 0x0000000748200000| PB 0x0000000748200000| Complete 
| 578|0x0000000748400000, 0x0000000748600000, 0x0000000748600000|100%| E|CS|TAMS 0x0000000748400000| PB 0x0000000748400000| Complete 
|2037|0x00000007fea00000, 0x00000007fec00000, 0x00000007fec00000|100%| E|CS|TAMS 0x00000007fea00000| PB 0x00000007fea00000| Complete 
|2038|0x00000007fec00000, 0x00000007fee00000, 0x00000007fee00000|100%| E|CS|TAMS 0x00000007fec00000| PB 0x00000007fec00000| Complete 
|2039|0x00000007fee00000, 0x00000007ff000000, 0x00000007ff000000|100%| O|  |TAMS 0x00000007ff000000| PB 0x00000007fee00000| Updating 
|2040|0x00000007ff000000, 0x00000007ff200000, 0x00000007ff200000|100%| E|CS|TAMS 0x00000007ff000000| PB 0x00000007ff000000| Complete 
|2041|0x00000007ff200000, 0x00000007ff400000, 0x00000007ff400000|100%| O|  |TAMS 0x00000007ff400000| PB 0x00000007ff200000| Updating 
|2042|0x00000007ff400000, 0x00000007ff600000, 0x00000007ff600000|100%| E|CS|TAMS 0x00000007ff400000| PB 0x00000007ff400000| Complete 
|2043|0x00000007ff600000, 0x00000007ff800000, 0x00000007ff800000|100%| E|CS|TAMS 0x00000007ff600000| PB 0x00000007ff600000| Complete 
|2044|0x00000007ff800000, 0x00000007ffa00000, 0x00000007ffa00000|100%| O|  |TAMS 0x00000007ffa00000| PB 0x00000007ff800000| Untracked 
|2045|0x00000007ffa00000, 0x00000007ffc00000, 0x00000007ffc00000|100%| O|  |TAMS 0x00000007ffc00000| PB 0x00000007ffa00000| Untracked 
|2046|0x00000007ffc00000, 0x00000007ffe00000, 0x00000007ffe00000|100%| O|  |TAMS 0x00000007ffe00000| PB 0x00000007ffc00000| Updating 
|2047|0x00000007ffe00000, 0x0000000800000000, 0x0000000800000000|100%| O|  |TAMS 0x0000000800000000| PB 0x00000007ffe00000| Untracked 

Card table byte_map: [0x0000023471df0000,0x00000234725f0000] _byte_map_base: 0x000002346e5f0000

Marking Bits: (CMBitMap*) 0x000002346def6a60
 Bits: [0x00000234725f0000, 0x00000234765f0000)

Polling page: 0x000002346be80000

Metaspace:

Usage:
  Non-class:     65.90 MB used.
      Class:     10.83 MB used.
       Both:     76.73 MB used.

Virtual space:
  Non-class space:      128.00 MB reserved,      67.38 MB ( 53%) committed,  2 nodes.
      Class space:      832.00 MB reserved,      12.19 MB (  1%) committed,  1 nodes.
             Both:      960.00 MB reserved,      79.56 MB (  8%) committed. 

Chunk freelists:
   Non-Class:  11.97 MB
       Class:  3.78 MB
        Both:  15.75 MB

MaxMetaspaceSize: 1.00 GB
CompressedClassSpaceSize: 832.00 MB
Initial GC threshold: 21.00 MB
Current GC threshold: 132.50 MB
CDS: on
 - commit_granule_bytes: 65536.
 - commit_granule_words: 8192.
 - virtual_space_node_default_size: 8388608.
 - enlarge_chunks_in_place: 1.
 - use_allocation_guard: 0.


Internal statistics:

num_allocs_failed_limit: 12.
num_arena_births: 4814.
num_arena_deaths: 0.
num_vsnodes_births: 3.
num_vsnodes_deaths: 0.
num_space_committed: 1273.
num_space_uncommitted: 0.
num_chunks_returned_to_freelist: 12.
num_chunks_taken_from_freelist: 9361.
num_chunk_merges: 9.
num_chunk_splits: 5794.
num_chunks_enlarged: 3236.
num_inconsistent_stats: 0.

CodeHeap 'non-profiled nmethods': size=120000Kb used=16828Kb max_used=16932Kb free=103171Kb
 bounds [0x0000023407ad0000, 0x0000023408b80000, 0x000002340f000000]
CodeHeap 'profiled nmethods': size=120000Kb used=29150Kb max_used=32039Kb free=90849Kb
 bounds [0x0000023400000000, 0x0000023401f50000, 0x0000023407530000]
CodeHeap 'non-nmethods': size=5760Kb used=2648Kb max_used=2701Kb free=3111Kb
 bounds [0x0000023407530000, 0x00000234077e0000, 0x0000023407ad0000]
CodeCache: size=245760Kb, used=48626Kb, max_used=51672Kb, free=197131Kb
 total_blobs=16943, nmethods=16038, adapters=806, full_count=0
Compilation: enabled, stopped_count=0, restarted_count=0

Compilation events (20 events):
Event: 352.157 Thread 0x00000234767d7400 nmethod 22969 0x0000023407c2f510 code [0x0000023407c2f6e0, 0x0000023407c2faa0]
Event: 352.157 Thread 0x00000234767d7400 22973       4       org.gradle.api.internal.artifacts.ivyservice.ivyresolve.ErrorHandlingModuleComponentRepository$ErrorHandlingModuleComponentRepositoryAccess$$Lambda/0x0000023410bb49b8::run (20 bytes)
Event: 352.170 Thread 0x000002344513a870 nmethod 22968 0x0000023408b6c490 code [0x0000023408b6c7c0, 0x0000023408b6e280]
Event: 352.170 Thread 0x000002344513a870 22975   !   4       com.google.common.cache.LocalCache$Segment::lockedGetOrLoad (447 bytes)
Event: 352.209 Thread 0x000002344513a870 nmethod 22975 0x0000023408b6f190 code [0x0000023408b6f5a0, 0x0000023408b71790]
Event: 352.210 Thread 0x000002344513a870 22974   !   4       com.google.common.cache.LocalCache$Segment::runLockedCleanup (39 bytes)
Event: 352.215 Thread 0x000002344513def0 nmethod 22972 0x0000023408b73510 code [0x0000023408b73960, 0x0000023408b76188]
Event: 352.215 Thread 0x000002344513def0 22977       4       org.gradle.api.internal.artifacts.query.DefaultArtifactResolutionQuery::buildComponentResult (108 bytes)
Event: 352.227 Thread 0x000002344513a870 nmethod 22974 0x0000023407c14e90 code [0x0000023407c151c0, 0x0000023407c15fa8]
Event: 352.227 Thread 0x000002344513a870 22978   !   4       org.gradle.api.internal.artifacts.query.DefaultArtifactResolutionQuery::addArtifacts (177 bytes)
Event: 352.231 Thread 0x00000234767d7400 nmethod 22973 0x0000023408b78910 code [0x0000023408b78d80, 0x0000023408b7b688]
Event: 352.231 Thread 0x00000234767d7400 22976       4       org.gradle.internal.component.model.DefaultExternalComponentGraphResolveState$ExternalArtifactResolveMetadata::getId (10 bytes)
Event: 352.232 Thread 0x00000234767d7400 nmethod 22976 0x000002340800ea10 code [0x000002340800eba0, 0x000002340800ec70]
Event: 352.232 Thread 0x00000234767d7400 22980       4       org.gradle.api.internal.artifacts.query.DefaultArtifactResolutionQuery::validateComponentIdentifier (78 bytes)
Event: 352.232 Thread 0x00000234767d7400 nmethod 22980 0x0000023407d82510 code [0x0000023407d826a0, 0x0000023407d82760]
Event: 352.232 Thread 0x00000234767d7400 22979       4       org.gradle.internal.work.DefaultWorkerLeaseService$4$1::isSatisfiedBy (9 bytes)
Event: 352.235 Thread 0x00000234767d7400 nmethod 22979 0x0000023407dc6590 code [0x0000023407dc6760, 0x0000023407dc6d60]
Event: 352.267 Thread 0x00000234767d7400 22981       4       org.gradle.internal.serialize.AbstractCollectionSerializer::read (6 bytes)
Event: 352.304 Thread 0x00000234767d7400 nmethod 22981 0x0000023408b16b10 code [0x0000023408b16e60, 0x0000023408b18310]
Event: 352.305 Thread 0x00000234767d7400 22982       4       org.gradle.internal.serialize.AbstractCollectionSerializer::read (47 bytes)

GC Heap History (20 events):
Event: 337.255 GC heap after
{Heap after GC invocations=99 (full 0):
 garbage-first heap   total 829440K, used 519649K [0x0000000700000000, 0x0000000800000000)
  region size 2048K, 11 young (22528K), 11 survivors (22528K)
 Metaspace       used 78091K, committed 81024K, reserved 983040K
  class space    used 11075K, committed 12480K, reserved 851968K
}
Event: 338.392 GC heap before
{Heap before GC invocations=99 (full 0):
 garbage-first heap   total 829440K, used 761313K [0x0000000700000000, 0x0000000800000000)
  region size 2048K, 130 young (266240K), 11 survivors (22528K)
 Metaspace       used 78178K, committed 81152K, reserved 983040K
  class space    used 11075K, committed 12480K, reserved 851968K
}
Event: 338.409 GC heap after
{Heap after GC invocations=100 (full 0):
 garbage-first heap   total 829440K, used 528066K [0x0000000700000000, 0x0000000800000000)
  region size 2048K, 8 young (16384K), 8 survivors (16384K)
 Metaspace       used 78178K, committed 81152K, reserved 983040K
  class space    used 11075K, committed 12480K, reserved 851968K
}
Event: 339.533 GC heap before
{Heap before GC invocations=100 (full 0):
 garbage-first heap   total 829440K, used 763586K [0x0000000700000000, 0x0000000800000000)
  region size 2048K, 124 young (253952K), 8 survivors (16384K)
 Metaspace       used 78261K, committed 81216K, reserved 983040K
  class space    used 11076K, committed 12480K, reserved 851968K
}
Event: 339.546 GC heap after
{Heap after GC invocations=101 (full 0):
 garbage-first heap   total 829440K, used 543175K [0x0000000700000000, 0x0000000800000000)
  region size 2048K, 15 young (30720K), 15 survivors (30720K)
 Metaspace       used 78261K, committed 81216K, reserved 983040K
  class space    used 11076K, committed 12480K, reserved 851968K
}
Event: 341.348 GC heap before
{Heap before GC invocations=102 (full 0):
 garbage-first heap   total 909312K, used 768455K [0x0000000700000000, 0x0000000800000000)
  region size 2048K, 126 young (258048K), 15 survivors (30720K)
 Metaspace       used 78290K, committed 81216K, reserved 983040K
  class space    used 11076K, committed 12480K, reserved 851968K
}
Event: 341.370 GC heap after
{Heap after GC invocations=103 (full 0):
 garbage-first heap   total 909312K, used 565932K [0x0000000700000000, 0x0000000800000000)
  region size 2048K, 16 young (32768K), 16 survivors (32768K)
 Metaspace       used 78290K, committed 81216K, reserved 983040K
  class space    used 11076K, committed 12480K, reserved 851968K
}
Event: 342.367 GC heap before
{Heap before GC invocations=103 (full 0):
 garbage-first heap   total 909312K, used 840364K [0x0000000700000000, 0x0000000800000000)
  region size 2048K, 151 young (309248K), 16 survivors (32768K)
 Metaspace       used 78297K, committed 81216K, reserved 983040K
  class space    used 11076K, committed 12480K, reserved 851968K
}
Event: 342.397 GC heap after
{Heap after GC invocations=104 (full 0):
 garbage-first heap   total 909312K, used 578186K [0x0000000700000000, 0x0000000800000000)
  region size 2048K, 8 young (16384K), 8 survivors (16384K)
 Metaspace       used 78297K, committed 81216K, reserved 983040K
  class space    used 11076K, committed 12480K, reserved 851968K
}
Event: 343.991 GC heap before
{Heap before GC invocations=104 (full 0):
 garbage-first heap   total 909312K, used 838282K [0x0000000700000000, 0x0000000800000000)
  region size 2048K, 136 young (278528K), 8 survivors (16384K)
 Metaspace       used 78338K, committed 81280K, reserved 983040K
  class space    used 11076K, committed 12480K, reserved 851968K
}
Event: 344.006 GC heap after
{Heap after GC invocations=105 (full 0):
 garbage-first heap   total 909312K, used 602112K [0x0000000700000000, 0x0000000800000000)
  region size 2048K, 17 young (34816K), 17 survivors (34816K)
 Metaspace       used 78338K, committed 81280K, reserved 983040K
  class space    used 11076K, committed 12480K, reserved 851968K
}
Event: 345.671 GC heap before
{Heap before GC invocations=106 (full 0):
 garbage-first heap   total 1003520K, used 841728K [0x0000000700000000, 0x0000000800000000)
  region size 2048K, 135 young (276480K), 17 survivors (34816K)
 Metaspace       used 78356K, committed 81280K, reserved 983040K
  class space    used 11078K, committed 12480K, reserved 851968K
}
Event: 345.694 GC heap after
{Heap after GC invocations=107 (full 0):
 garbage-first heap   total 1003520K, used 625059K [0x0000000700000000, 0x0000000800000000)
  region size 2048K, 10 young (20480K), 10 survivors (20480K)
 Metaspace       used 78356K, committed 81280K, reserved 983040K
  class space    used 11078K, committed 12480K, reserved 851968K
}
Event: 347.065 GC heap before
{Heap before GC invocations=107 (full 0):
 garbage-first heap   total 1003520K, used 917923K [0x0000000700000000, 0x0000000800000000)
  region size 2048K, 154 young (315392K), 10 survivors (20480K)
 Metaspace       used 78374K, committed 81280K, reserved 983040K
  class space    used 11079K, committed 12480K, reserved 851968K
}
Event: 347.084 GC heap after
{Heap after GC invocations=108 (full 0):
 garbage-first heap   total 1003520K, used 641582K [0x0000000700000000, 0x0000000800000000)
  region size 2048K, 19 young (38912K), 19 survivors (38912K)
 Metaspace       used 78374K, committed 81280K, reserved 983040K
  class space    used 11079K, committed 12480K, reserved 851968K
}
Event: 349.367 GC heap before
{Heap before GC invocations=108 (full 0):
 garbage-first heap   total 1003520K, used 926254K [0x0000000700000000, 0x0000000800000000)
  region size 2048K, 159 young (325632K), 19 survivors (38912K)
 Metaspace       used 78483K, committed 81408K, reserved 983040K
  class space    used 11079K, committed 12480K, reserved 851968K
}
Event: 349.396 GC heap after
{Heap after GC invocations=109 (full 0):
 garbage-first heap   total 1003520K, used 668277K [0x0000000700000000, 0x0000000800000000)
  region size 2048K, 20 young (40960K), 20 survivors (40960K)
 Metaspace       used 78483K, committed 81408K, reserved 983040K
  class space    used 11079K, committed 12480K, reserved 851968K
}
Event: 350.906 GC heap before
{Heap before GC invocations=110 (full 0):
 garbage-first heap   total 1116160K, used 926325K [0x0000000700000000, 0x0000000800000000)
  region size 2048K, 147 young (301056K), 20 survivors (40960K)
 Metaspace       used 78492K, committed 81408K, reserved 983040K
  class space    used 11079K, committed 12480K, reserved 851968K
}
Event: 350.928 GC heap after
{Heap after GC invocations=111 (full 0):
 garbage-first heap   total 1116160K, used 689315K [0x0000000700000000, 0x0000000800000000)
  region size 2048K, 9 young (18432K), 9 survivors (18432K)
 Metaspace       used 78492K, committed 81408K, reserved 983040K
  class space    used 11079K, committed 12480K, reserved 851968K
}
Event: 352.345 GC heap before
{Heap before GC invocations=111 (full 0):
 garbage-first heap   total 1116160K, used 1033379K [0x0000000700000000, 0x0000000800000000)
  region size 2048K, 178 young (364544K), 9 survivors (18432K)
 Metaspace       used 78551K, committed 81472K, reserved 983040K
  class space    used 11081K, committed 12480K, reserved 851968K
}

Dll operation events (14 events):
Event: 0.035 Loaded shared library C:\Users\zakar\.vscode\extensions\redhat.java-1.55.0-win32-x64\jre\21.0.11-win32-x86_64\bin\java.dll
Event: 0.228 Loaded shared library C:\Users\zakar\.vscode\extensions\redhat.java-1.55.0-win32-x64\jre\21.0.11-win32-x86_64\bin\zip.dll
Event: 0.292 Loaded shared library C:\Users\zakar\.vscode\extensions\redhat.java-1.55.0-win32-x64\jre\21.0.11-win32-x86_64\bin\instrument.dll
Event: 0.301 Loaded shared library C:\Users\zakar\.vscode\extensions\redhat.java-1.55.0-win32-x64\jre\21.0.11-win32-x86_64\bin\net.dll
Event: 0.308 Loaded shared library C:\Users\zakar\.vscode\extensions\redhat.java-1.55.0-win32-x64\jre\21.0.11-win32-x86_64\bin\nio.dll
Event: 0.312 Loaded shared library C:\Users\zakar\.vscode\extensions\redhat.java-1.55.0-win32-x64\jre\21.0.11-win32-x86_64\bin\zip.dll
Event: 0.750 Loaded shared library C:\Users\zakar\.vscode\extensions\redhat.java-1.55.0-win32-x64\jre\21.0.11-win32-x86_64\bin\jimage.dll
Event: 1.049 Loaded shared library C:\Users\zakar\.vscode\extensions\redhat.java-1.55.0-win32-x64\jre\21.0.11-win32-x86_64\bin\verify.dll
Event: 1.375 Loaded shared library C:\Users\zakar\.gradle\native\c067742578af261105cb4f569cf0c3c89f3d7b1fecec35dd04571415982c5e48\windows-amd64\native-platform.dll
Event: 1.383 Loaded shared library C:\Users\zakar\.gradle\native\100fb08df4bc3b14c8652ba06237920a3bd2aa13389f12d3474272988ae205f9\windows-amd64\native-platform-file-events.dll
Event: 2.650 Loaded shared library C:\Users\zakar\.vscode\extensions\redhat.java-1.55.0-win32-x64\jre\21.0.11-win32-x86_64\bin\management.dll
Event: 2.653 Loaded shared library C:\Users\zakar\.vscode\extensions\redhat.java-1.55.0-win32-x64\jre\21.0.11-win32-x86_64\bin\management_ext.dll
Event: 3.352 Loaded shared library C:\Users\zakar\.vscode\extensions\redhat.java-1.55.0-win32-x64\jre\21.0.11-win32-x86_64\bin\extnet.dll
Event: 4.850 Loaded shared library C:\Users\zakar\.vscode\extensions\redhat.java-1.55.0-win32-x64\jre\21.0.11-win32-x86_64\bin\sunmscapi.dll

Deoptimization events (20 events):
Event: 352.095 Thread 0x00000234458d0160 Uncommon trap: trap_request=0xffffff45 fr.pc=0x00000234085d9bbc relative=0x000000000000097c
Event: 352.095 Thread 0x00000234458d0160 Uncommon trap: reason=unstable_if action=reinterpret pc=0x00000234085d9bbc method=org.gradle.internal.lazy.LockingLazy.get()Ljava/lang/Object; @ 15 c2
Event: 352.095 Thread 0x00000234458d0160 DEOPT PACKING pc=0x00000234085d9bbc sp=0x000000f5356f9d50
Event: 352.095 Thread 0x00000234458d0160 DEOPT UNPACKING pc=0x0000023407584422 sp=0x000000f5356f9bd8 mode 2
Event: 352.113 Thread 0x000002344848c6e0 Uncommon trap: trap_request=0xffffff45 fr.pc=0x00000234088bae7c relative=0x000000000000077c
Event: 352.113 Thread 0x000002344848c6e0 Uncommon trap: reason=unstable_if action=reinterpret pc=0x00000234088bae7c method=java.util.concurrent.locks.ReentrantLock$Sync.tryLock()Z @ 34 c2
Event: 352.113 Thread 0x000002344848c6e0 DEOPT PACKING pc=0x00000234088bae7c sp=0x000000f535bfb660
Event: 352.113 Thread 0x000002344848c6e0 DEOPT UNPACKING pc=0x0000023407584422 sp=0x000000f535bfb3c8 mode 2
Event: 352.113 Thread 0x00000234458cfad0 Uncommon trap: trap_request=0xffffff45 fr.pc=0x00000234083fbdcc relative=0x00000000000005ac
Event: 352.113 Thread 0x00000234458cfad0 Uncommon trap: reason=unstable_if action=reinterpret pc=0x00000234083fbdcc method=java.util.concurrent.locks.ReentrantLock$Sync.tryLock()Z @ 34 c2
Event: 352.113 Thread 0x00000234458cfad0 DEOPT PACKING pc=0x00000234083fbdcc sp=0x000000f5352fb560
Event: 352.113 Thread 0x00000234458cfad0 DEOPT UNPACKING pc=0x0000023407584422 sp=0x000000f5352fb320 mode 2
Event: 352.114 Thread 0x00000234458cedb0 Uncommon trap: trap_request=0xffffff45 fr.pc=0x00000234081e0524 relative=0x00000000000006e4
Event: 352.114 Thread 0x00000234458cedb0 Uncommon trap: reason=unstable_if action=reinterpret pc=0x00000234081e0524 method=java.util.concurrent.locks.ReentrantLock$Sync.tryLock()Z @ 34 c2
Event: 352.114 Thread 0x00000234458cedb0 DEOPT PACKING pc=0x00000234081e0524 sp=0x000000f5354fb0d0
Event: 352.114 Thread 0x00000234458cedb0 DEOPT UNPACKING pc=0x0000023407584422 sp=0x000000f5354faf80 mode 2
Event: 352.148 Thread 0x000002344848c6e0 Uncommon trap: trap_request=0xffffff45 fr.pc=0x0000023407cbd7a0 relative=0x0000000000001320
Event: 352.148 Thread 0x000002344848c6e0 Uncommon trap: reason=unstable_if action=reinterpret pc=0x0000023407cbd7a0 method=java.util.concurrent.ConcurrentHashMap.computeIfAbsent(Ljava/lang/Object;Ljava/util/function/Function;)Ljava/lang/Object; @ 104 c2
Event: 352.148 Thread 0x000002344848c6e0 DEOPT PACKING pc=0x0000023407cbd7a0 sp=0x000000f535bfb560
Event: 352.148 Thread 0x000002344848c6e0 DEOPT UNPACKING pc=0x0000023407584422 sp=0x000000f535bfb4e8 mode 2

Classes loaded (20 events):
Event: 120.068 Loading class java/util/LinkedHashMap$LinkedHashIteratorCustomizer
Event: 120.068 Loading class java/util/LinkedHashMap$LinkedHashIteratorCustomizer done
Event: 120.068 Loading class java/util/LinkedHashMap$LinkedHashIteratorCustomizer
Event: 120.068 Loading class java/util/LinkedHashMap$LinkedHashIteratorCustomizer done
Event: 120.069 Loading class java/util/LinkedHashMap$LinkedKeyIteratorCustomizer
Event: 120.069 Loading class java/util/LinkedHashMap$LinkedKeyIteratorCustomizer done
Event: 120.069 Loading class java/util/LinkedHashMap$LinkedKeyIteratorCustomizer
Event: 120.069 Loading class java/util/LinkedHashMap$LinkedKeyIteratorCustomizer done
Event: 121.598 Loading class java/nio/file/StandardCopyOption
Event: 121.598 Loading class java/nio/file/StandardCopyOption done
Event: 121.599 Loading class sun/nio/fs/WindowsFileCopy
Event: 121.599 Loading class sun/nio/fs/WindowsFileCopy done
Event: 121.789 Loading class java/time/Instant$1
Event: 121.789 Loading class java/time/Instant$1 done
Event: 121.889 Loading class java/util/concurrent/CompletableFuture$AsyncRun
Event: 121.890 Loading class java/util/concurrent/CompletableFuture$AsyncRun done
Event: 123.868 Loading class jdk/internal/math/FormattedFPDecimal
Event: 123.868 Loading class jdk/internal/math/FormattedFPDecimal done
Event: 123.868 Loading class sun/text/resources/cldr/FormatData_en
Event: 123.869 Loading class sun/text/resources/cldr/FormatData_en done

Classes unloaded (0 events):
No events

Classes redefined (0 events):
No events

Internal exceptions (20 events):
Event: 343.680 Thread 0x00000234450c21d0 Exception <a 'sun/nio/fs/WindowsException'{0x0000000729d0bdd0}> (0x0000000729d0bdd0) 
thrown [s\src\hotspot\share\prims\jni.cpp, line 520]
Event: 343.681 Thread 0x00000234450c21d0 Exception <a 'sun/nio/fs/WindowsException'{0x0000000729d0d710}> (0x0000000729d0d710) 
thrown [s\src\hotspot\share\prims\jni.cpp, line 520]
Event: 343.681 Thread 0x00000234450c21d0 Exception <a 'sun/nio/fs/WindowsException'{0x0000000729d0ed10}> (0x0000000729d0ed10) 
thrown [s\src\hotspot\share\prims\jni.cpp, line 520]
Event: 343.769 Thread 0x0000023445ce2380 Exception <a 'sun/nio/fs/WindowsException'{0x0000000729baf3a0}> (0x0000000729baf3a0) 
thrown [s\src\hotspot\share\prims\jni.cpp, line 520]
Event: 343.769 Thread 0x0000023445ce2380 Exception <a 'sun/nio/fs/WindowsException'{0x0000000729bb1318}> (0x0000000729bb1318) 
thrown [s\src\hotspot\share\prims\jni.cpp, line 520]
Event: 343.769 Thread 0x0000023445ce2380 Exception <a 'sun/nio/fs/WindowsException'{0x0000000729bb2ec8}> (0x0000000729bb2ec8) 
thrown [s\src\hotspot\share\prims\jni.cpp, line 520]
Event: 343.771 Thread 0x0000023445ce2380 Exception <a 'sun/nio/fs/WindowsException'{0x000000072846ff40}> (0x000000072846ff40) 
thrown [s\src\hotspot\share\prims\jni.cpp, line 520]
Event: 347.709 Thread 0x0000023479434ea0 Exception <a 'sun/nio/fs/WindowsException'{0x0000000736043830}> (0x0000000736043830) 
thrown [s\src\hotspot\share\prims\jni.cpp, line 520]
Event: 348.010 Thread 0x00000234450c21d0 Exception <a 'sun/nio/fs/WindowsException'{0x0000000735ea0708}> (0x0000000735ea0708) 
thrown [s\src\hotspot\share\prims\jni.cpp, line 520]
Event: 348.010 Thread 0x00000234450c21d0 Exception <a 'sun/nio/fs/WindowsException'{0x0000000735ea1af8}> (0x0000000735ea1af8) 
thrown [s\src\hotspot\share\prims\jni.cpp, line 520]
Event: 348.011 Thread 0x00000234450c21d0 Exception <a 'sun/nio/fs/WindowsException'{0x0000000735ea2ed8}> (0x0000000735ea2ed8) 
thrown [s\src\hotspot\share\prims\jni.cpp, line 520]
Event: 348.011 Thread 0x00000234450c21d0 Exception <a 'sun/nio/fs/WindowsException'{0x0000000735ea3f78}> (0x0000000735ea3f78) 
thrown [s\src\hotspot\share\prims\jni.cpp, line 520]
Event: 348.078 Thread 0x00000234450c21d0 Exception <a 'sun/nio/fs/WindowsException'{0x000000073585c2e0}> (0x000000073585c2e0) 
thrown [s\src\hotspot\share\prims\jni.cpp, line 520]
Event: 348.079 Thread 0x00000234450c21d0 Exception <a 'sun/nio/fs/WindowsException'{0x000000073585dc30}> (0x000000073585dc30) 
thrown [s\src\hotspot\share\prims\jni.cpp, line 520]
Event: 348.079 Thread 0x00000234450c21d0 Exception <a 'sun/nio/fs/WindowsException'{0x000000073585f570}> (0x000000073585f570) 
thrown [s\src\hotspot\share\prims\jni.cpp, line 520]
Event: 348.079 Thread 0x00000234450c21d0 Exception <a 'sun/nio/fs/WindowsException'{0x0000000735860b70}> (0x0000000735860b70) 
thrown [s\src\hotspot\share\prims\jni.cpp, line 520]
Event: 348.177 Thread 0x00000234458ce720 Exception <a 'sun/nio/fs/WindowsException'{0x00000007341198e0}> (0x00000007341198e0) 
thrown [s\src\hotspot\share\prims\jni.cpp, line 520]
Event: 348.177 Thread 0x00000234458ce720 Exception <a 'sun/nio/fs/WindowsException'{0x000000073411b838}> (0x000000073411b838) 
thrown [s\src\hotspot\share\prims\jni.cpp, line 520]
Event: 348.177 Thread 0x00000234458ce720 Exception <a 'sun/nio/fs/WindowsException'{0x000000073411d3e8}> (0x000000073411d3e8) 
thrown [s\src\hotspot\share\prims\jni.cpp, line 520]
Event: 348.179 Thread 0x00000234458ce720 Exception <a 'sun/nio/fs/WindowsException'{0x0000000734126200}> (0x0000000734126200) 
thrown [s\src\hotspot\share\prims\jni.cpp, line 520]

ZGC Phase Switch (0 events):
No events

VM Operations (20 events):
Event: 345.694 Executing safepoint VM operation: G1CollectForAllocation (G1 Evacuation Pause) done
Event: 346.706 Executing safepoint VM operation: Cleanup
Event: 346.706 Executing safepoint VM operation: Cleanup done
Event: 347.065 Executing safepoint VM operation: G1CollectForAllocation (G1 Evacuation Pause)
Event: 347.084 Executing safepoint VM operation: G1CollectForAllocation (G1 Evacuation Pause) done
Event: 348.098 Executing safepoint VM operation: Cleanup
Event: 348.098 Executing safepoint VM operation: Cleanup done
Event: 349.101 Executing safepoint VM operation: Cleanup
Event: 349.102 Executing safepoint VM operation: Cleanup done
Event: 349.367 Executing safepoint VM operation: G1CollectForAllocation (G1 Evacuation Pause)
Event: 349.396 Executing safepoint VM operation: G1CollectForAllocation (G1 Evacuation Pause) done
Event: 349.957 Executing safepoint VM operation: G1PauseRemark
Event: 349.969 Executing safepoint VM operation: G1PauseRemark done
Event: 350.310 Executing safepoint VM operation: G1PauseCleanup
Event: 350.311 Executing safepoint VM operation: G1PauseCleanup done
Event: 350.905 Executing safepoint VM operation: G1CollectForAllocation (G1 Evacuation Pause)
Event: 350.928 Executing safepoint VM operation: G1CollectForAllocation (G1 Evacuation Pause) done
Event: 351.939 Executing safepoint VM operation: Cleanup
Event: 351.939 Executing safepoint VM operation: Cleanup done
Event: 352.345 Executing safepoint VM operation: G1CollectForAllocation (G1 Evacuation Pause)

Memory protections (0 events):
No events

Nmethod flushes (20 events):
Event: 349.967 Thread 0x00000234767ad310 flushing  nmethod 0x0000023400922810
Event: 349.967 Thread 0x00000234767ad310 flushing  nmethod 0x0000023400c81690
Event: 349.967 Thread 0x00000234767ad310 flushing  nmethod 0x0000023400cd7d10
Event: 349.967 Thread 0x00000234767ad310 flushing  nmethod 0x0000023400e8f710
Event: 349.967 Thread 0x00000234767ad310 flushing  nmethod 0x00000234011b4790
Event: 349.967 Thread 0x00000234767ad310 flushing  nmethod 0x000002340143b990
Event: 349.967 Thread 0x00000234767ad310 flushing  nmethod 0x0000023401442390
Event: 349.967 Thread 0x00000234767ad310 flushing  nmethod 0x0000023401486210
Event: 349.967 Thread 0x00000234767ad310 flushing  nmethod 0x000002340016c110
Event: 349.967 Thread 0x00000234767ad310 flushing  nmethod 0x000002340026a990
Event: 349.967 Thread 0x00000234767ad310 flushing  nmethod 0x00000234005ef690
Event: 349.967 Thread 0x00000234767ad310 flushing  nmethod 0x0000023400ab1a90
Event: 349.967 Thread 0x00000234767ad310 flushing  nmethod 0x0000023400cb8810
Event: 349.967 Thread 0x00000234767ad310 flushing  nmethod 0x0000023400eb4710
Event: 349.967 Thread 0x00000234767ad310 flushing  nmethod 0x0000023400eb8110
Event: 349.967 Thread 0x00000234767ad310 flushing  nmethod 0x0000023400ebd490
Event: 349.967 Thread 0x00000234767ad310 flushing  nmethod 0x0000023400ebf090
Event: 349.967 Thread 0x00000234767ad310 flushing  nmethod 0x00000234012c0590
Event: 349.967 Thread 0x00000234767ad310 flushing  nmethod 0x0000023401399310
Event: 349.967 Thread 0x00000234767ad310 flushing  nmethod 0x00000234015b3010

Events (20 events):
Event: 348.393 Thread 0x00000234450c21d0 Thread added: 0x00000234462a9730
Event: 348.393 Thread 0x00000234450c21d0 Thread added: 0x00000234462a7660
Event: 348.394 Thread 0x00000234450c21d0 Thread added: 0x00000234462a7cf0
Event: 348.394 Thread 0x00000234450c21d0 Thread added: 0x0000023445143b70
Event: 348.394 Thread 0x00000234450c21d0 Thread added: 0x0000023444d57fa0
Event: 348.395 Thread 0x00000234450c21d0 Thread added: 0x0000023444d58cc0
Event: 348.395 Thread 0x00000234450c21d0 Thread added: 0x0000023444d59350
Event: 348.395 Thread 0x00000234450c21d0 Thread added: 0x0000023444d58630
Event: 348.395 Thread 0x00000234450c21d0 Thread added: 0x0000023446609ea0
Event: 348.399 Thread 0x00000234450c21d0 Thread added: 0x000002344660a530
Event: 348.499 Thread 0x00000234450c21d0 Thread added: 0x0000023446545270
Event: 348.540 Thread 0x00000234450c21d0 Thread added: 0x0000023446546620
Event: 348.540 Thread 0x00000234450c21d0 Thread added: 0x0000023446544550
Event: 348.541 Thread 0x00000234450c21d0 Thread added: 0x0000023446544be0
Event: 348.541 Thread 0x00000234450c21d0 Thread added: 0x0000023446545900
Event: 348.541 Thread 0x00000234450c21d0 Thread added: 0x0000023446546cb0
Event: 348.985 Thread 0x000002344513def0 Thread exited: 0x000002344513def0
Event: 352.059 Thread 0x00000234458ce720 Thread added: 0x0000023445ff86f0
Event: 352.068 Thread 0x00000234767d8640 Thread added: 0x000002344513def0
Event: 352.070 Thread 0x00000234767d8640 Thread added: 0x000002344513a870


Dynamic libraries:
0x00007ff7a0110000 - 0x00007ff7a011e000 	C:\Users\zakar\.vscode\extensions\redhat.java-1.55.0-win32-x64\jre\21.0.11-win32-x86_64\bin\java.exe
0x00007ffe21aa0000 - 0x00007ffe21d06000 	C:\windows\SYSTEM32\ntdll.dll
0x00007ffe20630000 - 0x00007ffe206f9000 	C:\windows\System32\KERNEL32.DLL
0x00007ffe1ee30000 - 0x00007ffe1f22e000 	C:\windows\System32\KERNELBASE.dll
0x00007ffe1f450000 - 0x00007ffe1f59c000 	C:\windows\System32\ucrtbase.dll
0x00007ffe0ce80000 - 0x00007ffe0ce98000 	C:\Users\zakar\.vscode\extensions\redhat.java-1.55.0-win32-x64\jre\21.0.11-win32-x86_64\bin\jli.dll
0x00007ffe20c20000 - 0x00007ffe20de7000 	C:\windows\System32\USER32.dll
0x00007ffe1f7a0000 - 0x00007ffe1f7c7000 	C:\windows\System32\win32u.dll
0x00007ffe21590000 - 0x00007ffe215bb000 	C:\windows\System32\GDI32.dll
0x00007ffe1f5b0000 - 0x00007ffe1f6da000 	C:\windows\System32\gdi32full.dll
0x00007ffe1ed80000 - 0x00007ffe1ee23000 	C:\windows\System32\msvcp_win.dll
0x00007ffe0d040000 - 0x00007ffe0d05e000 	C:\Users\zakar\.vscode\extensions\redhat.java-1.55.0-win32-x64\jre\21.0.11-win32-x86_64\bin\VCRUNTIME140.dll
0x00007ffe02eb0000 - 0x00007ffe03142000 	C:\windows\WinSxS\amd64_microsoft.windows.common-controls_6595b64144ccf1df_6.0.26100.8875_none_3e0d5d42e32fe9dd\COMCTL32.dll
0x00007ffe1fdb0000 - 0x00007ffe1fe59000 	C:\windows\System32\msvcrt.dll
0x00007ffe20530000 - 0x00007ffe20562000 	C:\windows\System32\IMM32.DLL
0x00007ffe16a30000 - 0x00007ffe16a3c000 	C:\Users\zakar\.vscode\extensions\redhat.java-1.55.0-win32-x64\jre\21.0.11-win32-x86_64\bin\vcruntime140_1.dll
0x00007ffde08b0000 - 0x00007ffde093d000 	C:\Users\zakar\.vscode\extensions\redhat.java-1.55.0-win32-x64\jre\21.0.11-win32-x86_64\bin\msvcp140.dll
0x00007ffd873f0000 - 0x00007ffd88192000 	C:\Users\zakar\.vscode\extensions\redhat.java-1.55.0-win32-x64\jre\21.0.11-win32-x86_64\bin\server\jvm.dll
0x00007ffe20570000 - 0x00007ffe20627000 	C:\windows\System32\ADVAPI32.dll
0x00007ffe1fff0000 - 0x00007ffe2009a000 	C:\windows\System32\sechost.dll
0x00007ffe215c0000 - 0x00007ffe216d8000 	C:\windows\System32\RPCRT4.dll
0x00007ffe20410000 - 0x00007ffe20490000 	C:\windows\System32\WS2_32.dll
0x00007ffe1eb20000 - 0x00007ffe1eb7e000 	C:\windows\SYSTEM32\POWRPROF.dll
0x00007ffe14210000 - 0x00007ffe1421b000 	C:\windows\SYSTEM32\VERSION.dll
0x00007ffe1b4c0000 - 0x00007ffe1b4f6000 	C:\windows\SYSTEM32\WINMM.dll
0x00007ffe1eb00000 - 0x00007ffe1eb14000 	C:\windows\SYSTEM32\UMPDC.dll
0x00007ffe1d960000 - 0x00007ffe1d97b000 	C:\windows\SYSTEM32\kernel.appcore.dll
0x00007ffe16950000 - 0x00007ffe1695a000 	C:\Users\zakar\.vscode\extensions\redhat.java-1.55.0-win32-x64\jre\21.0.11-win32-x86_64\bin\jimage.dll
0x00007ffe1c1a0000 - 0x00007ffe1c3e2000 	C:\windows\SYSTEM32\DBGHELP.DLL
0x00007ffe1fa20000 - 0x00007ffe1fda3000 	C:\windows\System32\combase.dll
0x00007ffe21740000 - 0x00007ffe21819000 	C:\windows\System32\OLEAUT32.dll
0x00007ffe1b480000 - 0x00007ffe1b4bb000 	C:\windows\SYSTEM32\dbgcore.DLL
0x00007ffe1f6e0000 - 0x00007ffe1f78c000 	C:\windows\System32\bcryptPrimitives.dll
0x00007ffe0e5d0000 - 0x00007ffe0e5df000 	C:\Users\zakar\.vscode\extensions\redhat.java-1.55.0-win32-x64\jre\21.0.11-win32-x86_64\bin\instrument.dll
0x00007ffe0d260000 - 0x00007ffe0d280000 	C:\Users\zakar\.vscode\extensions\redhat.java-1.55.0-win32-x64\jre\21.0.11-win32-x86_64\bin\java.dll
0x00007ffe20df0000 - 0x00007ffe21582000 	C:\windows\System32\SHELL32.dll
0x00007ffe1c720000 - 0x00007ffe1cfb2000 	C:\windows\SYSTEM32\windows.storage.dll
0x00007ffe21820000 - 0x00007ffe21917000 	C:\windows\System32\SHCORE.dll
0x00007ffe219e0000 - 0x00007ffe21a47000 	C:\windows\System32\shlwapi.dll
0x00007ffe1ebe0000 - 0x00007ffe1ec09000 	C:\windows\SYSTEM32\profapi.dll
0x00007ffe0dae0000 - 0x00007ffe0daf8000 	C:\Users\zakar\.vscode\extensions\redhat.java-1.55.0-win32-x64\jre\21.0.11-win32-x86_64\bin\zip.dll
0x00007ffe0dbf0000 - 0x00007ffe0dc00000 	C:\Users\zakar\.vscode\extensions\redhat.java-1.55.0-win32-x64\jre\21.0.11-win32-x86_64\bin\net.dll
0x00007ffe13e30000 - 0x00007ffe13f57000 	C:\windows\SYSTEM32\WINHTTP.dll
0x00007ffe1def0000 - 0x00007ffe1df5c000 	C:\windows\system32\mswsock.dll
0x00007ffe0ce60000 - 0x00007ffe0ce76000 	C:\Users\zakar\.vscode\extensions\redhat.java-1.55.0-win32-x64\jre\21.0.11-win32-x86_64\bin\nio.dll
0x00007ffe0dad0000 - 0x00007ffe0dae0000 	C:\Users\zakar\.vscode\extensions\redhat.java-1.55.0-win32-x64\jre\21.0.11-win32-x86_64\bin\verify.dll
0x00007ffe04260000 - 0x00007ffe04287000 	C:\Users\zakar\.gradle\native\c067742578af261105cb4f569cf0c3c89f3d7b1fecec35dd04571415982c5e48\windows-amd64\native-platform.dll
0x00007ffdce8c0000 - 0x00007ffdcea04000 	C:\Users\zakar\.gradle\native\100fb08df4bc3b14c8652ba06237920a3bd2aa13389f12d3474272988ae205f9\windows-amd64\native-platform-file-events.dll
0x00007ffe0d9f0000 - 0x00007ffe0d9fa000 	C:\Users\zakar\.vscode\extensions\redhat.java-1.55.0-win32-x64\jre\21.0.11-win32-x86_64\bin\management.dll
0x00007ffe0d640000 - 0x00007ffe0d64c000 	C:\Users\zakar\.vscode\extensions\redhat.java-1.55.0-win32-x64\jre\21.0.11-win32-x86_64\bin\management_ext.dll
0x00007ffe20c10000 - 0x00007ffe20c18000 	C:\windows\System32\PSAPI.DLL
0x00007ffe1e320000 - 0x00007ffe1e33b000 	C:\windows\SYSTEM32\CRYPTSP.dll
0x00007ffe1d8c0000 - 0x00007ffe1d8f9000 	C:\windows\system32\rsaenh.dll
0x00007ffe1dfb0000 - 0x00007ffe1dfe2000 	C:\windows\SYSTEM32\USERENV.dll
0x00007ffe1ebb0000 - 0x00007ffe1ebda000 	C:\windows\SYSTEM32\bcrypt.dll
0x00007ffe1e160000 - 0x00007ffe1e16c000 	C:\windows\SYSTEM32\CRYPTBASE.dll
0x00007ffe1d360000 - 0x00007ffe1d393000 	C:\windows\SYSTEM32\IPHLPAPI.DLL
0x00007ffe200a0000 - 0x00007ffe200aa000 	C:\windows\System32\NSI.dll
0x00007ffe0d400000 - 0x00007ffe0d409000 	C:\Users\zakar\.vscode\extensions\redhat.java-1.55.0-win32-x64\jre\21.0.11-win32-x86_64\bin\extnet.dll
0x00007ffe0d250000 - 0x00007ffe0d25e000 	C:\Users\zakar\.vscode\extensions\redhat.java-1.55.0-win32-x64\jre\21.0.11-win32-x86_64\bin\sunmscapi.dll
0x00007ffe1f240000 - 0x00007ffe1f3b8000 	C:\windows\System32\CRYPT32.dll
0x00007ffe1e490000 - 0x00007ffe1e4c0000 	C:\windows\SYSTEM32\ncrypt.dll
0x00007ffe1e440000 - 0x00007ffe1e47f000 	C:\windows\SYSTEM32\NTASN1.dll
0x00007ffdf1b80000 - 0x00007ffdf1b88000 	C:\windows\system32\wshunix.dll

JVMTI agents:
C:\Users\zakar\.gradle\wrapper\dists\gradle-8.11.1-bin\bpt9gzteqjrbo1mjrsomdt32c\gradle-8.11.1\lib\agents\gradle-instrumentation-agent-8.11.1.jar path:C:\Users\zakar\.vscode\extensions\redhat.java-1.55.0-win32-x64\jre\21.0.11-win32-x86_64\bin\instrument.dll, loaded, initialized, instrumentlib options:none

dbghelp: loaded successfully - version: 4.0.5 - missing functions: none
symbol engine: initialized successfully - sym options: 0x614 - pdb path: .;C:\Users\zakar\.vscode\extensions\redhat.java-1.55.0-win32-x64\jre\21.0.11-win32-x86_64\bin;C:\windows\SYSTEM32;C:\windows\WinSxS\amd64_microsoft.windows.common-controls_6595b64144ccf1df_6.0.26100.8875_none_3e0d5d42e32fe9dd;C:\Users\zakar\.vscode\extensions\redhat.java-1.55.0-win32-x64\jre\21.0.11-win32-x86_64\bin\server;C:\Users\zakar\.gradle\native\c067742578af261105cb4f569cf0c3c89f3d7b1fecec35dd04571415982c5e48\windows-amd64;C:\Users\zakar\.gradle\native\100fb08df4bc3b14c8652ba06237920a3bd2aa13389f12d3474272988ae205f9\windows-amd64

VM Arguments:
jvm_args: --add-opens=java.base/java.lang=ALL-UNNAMED --add-opens=java.base/java.lang.invoke=ALL-UNNAMED --add-opens=java.base/java.util=ALL-UNNAMED --add-opens=java.prefs/java.util.prefs=ALL-UNNAMED --add-exports=jdk.compiler/com.sun.tools.javac.api=ALL-UNNAMED --add-exports=jdk.compiler/com.sun.tools.javac.util=ALL-UNNAMED --add-opens=java.base/java.util=ALL-UNNAMED --add-opens=java.prefs/java.util.prefs=ALL-UNNAMED --add-opens=java.base/java.nio.charset=ALL-UNNAMED --add-opens=java.base/java.net=ALL-UNNAMED --add-opens=java.base/java.util.concurrent.atomic=ALL-UNNAMED --add-opens=java.xml/javax.xml.namespace=ALL-UNNAMED -XX:MaxMetaspaceSize=1g -Xmx4g -Dfile.encoding=UTF-8 -Duser.country=FR -Duser.language=fr -Duser.variant -javaagent:C:\Users\zakar\.gradle\wrapper\dists\gradle-8.11.1-bin\bpt9gzteqjrbo1mjrsomdt32c\gradle-8.11.1\lib\agents\gradle-instrumentation-agent-8.11.1.jar 
java_command: org.gradle.launcher.daemon.bootstrap.GradleDaemon 8.11.1
java_class_path (initial): C:\Users\zakar\.gradle\wrapper\dists\gradle-8.11.1-bin\bpt9gzteqjrbo1mjrsomdt32c\gradle-8.11.1\lib\gradle-daemon-main-8.11.1.jar
Launcher Type: SUN_STANDARD

[Global flags]
     intx CICompilerCount                          = 4                                         {product} {ergonomic}
   size_t CompressedClassSpaceSize                 = 872415232                                 {product} {ergonomic}
     uint ConcGCThreads                            = 3                                         {product} {ergonomic}
     uint G1ConcRefinementThreads                  = 10                                        {product} {ergonomic}
   size_t G1HeapRegionSize                         = 2097152                                   {product} {ergonomic}
    uintx GCDrainStackTargetSize                   = 64                                        {product} {ergonomic}
   size_t InitialHeapSize                          = 264241152                                 {product} {ergonomic}
   size_t MarkStackSize                            = 4194304                                   {product} {ergonomic}
   size_t MaxHeapSize                              = 4294967296                                {product} {command line}
   size_t MaxMetaspaceSize                         = 1073741824                                {product} {command line}
   size_t MaxNewSize                               = 2575302656                                {product} {ergonomic}
   size_t MinHeapDeltaBytes                        = 2097152                                   {product} {ergonomic}
   size_t MinHeapSize                              = 8388608                                   {product} {ergonomic}
    uintx NonNMethodCodeHeapSize                   = 5839372                                {pd product} {ergonomic}
    uintx NonProfiledCodeHeapSize                  = 122909434                              {pd product} {ergonomic}
    uintx ProfiledCodeHeapSize                     = 122909434                              {pd product} {ergonomic}
    uintx ReservedCodeCacheSize                    = 251658240                              {pd product} {ergonomic}
     bool SegmentedCodeCache                       = true                                      {product} {ergonomic}
   size_t SoftMaxHeapSize                          = 4294967296                             {manageable} {ergonomic}
     bool UseCompressedOops                        = true                           {product lp64_product} {ergonomic}
     bool UseG1GC                                  = true                                      {product} {ergonomic}
     bool UseLargePagesIndividualAllocation        = false                                  {pd product} {ergonomic}

Logging:
Log output configuration:
 #0: stdout all=warning uptime,level,tags foldmultilines=false
 #1: stderr all=off uptime,level,tags foldmultilines=false

Release file:
JAVA_VERSION="21.0.11" 
MODULES="java.base java.compiler java.datatransfer java.xml java.prefs java.desktop java.instrument java.logging java.management java.security.sasl java.naming java.rmi java.management.rmi java.net.http java.scripting java.security.jgss java.transaction.xa java.sql java.sql.rowset java.xml.crypto java.se java.smartcardio jdk.accessibility jdk.internal.jvmstat jdk.attach jdk.charsets jdk.internal.opt jdk.zipfs jdk.compiler jdk.crypto.ec jdk.crypto.cryptoki jdk.crypto.mscapi jdk.dynalink jdk.internal.ed jdk.editpad jdk.hotspot.agent jdk.httpserver jdk.internal.le jdk.internal.vm.ci jdk.internal.vm.compiler jdk.internal.vm.compiler.management jdk.jartool jdk.javadoc jdk.jcmd jdk.management jdk.management.agent jdk.jconsole jdk.jdeps jdk.jdwp.agent jdk.jdi jdk.jfr jdk.jshell jdk.jsobject jdk.jstatd jdk.localedata jdk.management.jfr jdk.naming.dns jdk.naming.rmi jdk.net jdk.nio.mapmode jdk.random jdk.sctp jdk.security.auth jdk.security.jgss jdk.unsupported jdk.unsupported.desktop jdk.xml.dom" 

Environment Variables:
PATH=C:\Python314\Scripts\;C:\Python314\;C:\Program Files\Eclipse Adoptium\jdk-21.0.9.10-hotspot\bin;C:\windows\system32;C:\windows;C:\windows\System32\Wbem;C:\windows\System32\WindowsPowerShell\v1.0\;C:\windows\System32\OpenSSH\;C:\Program Files\dotnet\;C:\Program Files\Git\cmd;C:\Program Files\nodejs\;C:\ProgramData\chocolatey\bin;C:\Program Files\Docker\Docker\resources\bin;C:\Users\zakar\AppData\Local\Microsoft\WindowsApps;C:\Users\zakar\AppData\Local\Programs\Microsoft VS Code\bin;C:\Users\zakar\AppData\Roaming\npm;C:\Users\zakar\.local\bin;C:\Users\zakar\AppData\Local\Google\Cloud SDK\google-cloud-sdk\bin
USERNAME=zakar
OS=Windows_NT
PROCESSOR_IDENTIFIER=Intel64 Family 6 Model 186 Stepping 3, GenuineIntel
TMP=C:\Users\zakar\AppData\Local\Temp
TEMP=C:\Users\zakar\AppData\Local\Temp




Periodic native trim disabled

---------------  S Y S T E M  ---------------

OS:
 Windows 11 , 64 bit Build 26100 (10.0.26100.8875)
OS uptime: 1 days 22:33 hours
Hyper-V role detected

CPU: total 12 (initial active 12) (6 cores per cpu, 2 threads per core) family 6 model 186 stepping 3 microcode 0x6134, cx8, cmov, fxsr, ht, mmx, 3dnowpref, sse, sse2, sse3, ssse3, sse4.1, sse4.2, popcnt, lzcnt, tsc, tscinvbit, avx, avx2, aes, erms, clmul, bmi1, bmi2, adx, sha, fma, vzeroupper, clflush, clflushopt, clwb, hv, serialize, rdtscp, rdpid, fsrm, f16c, cet_ibt, cet_ss
Processor Information for the first 12 processors :
  Max Mhz: 1400, Current Mhz: 1400, Mhz Limit: 1400

Memory: 4k page, system-wide physical 16068M (4007M free)
TotalPageFile size 65220M (AvailPageFile size 141M)
current process WorkingSet (physical memory assigned to process): 1371M, peak: 1371M
current process commit charge ("private bytes"): 1533M, peak: 1533M

vm_info: OpenJDK 64-Bit Server VM (21.0.11+10-LTS) for windows-amd64 JRE (21.0.11+10-LTS), built on 2026-04-21T00:00:00Z by "admin" with MS VC++ 17.12 (VS2022)

END.
