#
# There is insufficient memory for the Java Runtime Environment to continue.
# Native memory allocation (malloc) failed to allocate 801296 bytes. Error detail: Chunk::new
# Possible reasons:
#   The system is out of physical RAM or swap space
#   This process is running with CompressedOops enabled, and the Java Heap may be blocking the growth of the native heap
# Possible solutions:
#   Reduce memory load on the system
#   Increase physical memory or swap space
#   Check if swap backing store is full
#   Decrease Java heap size (-Xmx/-Xms)
#   Decrease number of Java threads
#   Decrease Java thread stack sizes (-Xss)
#   Set larger code cache with -XX:ReservedCodeCacheSize=
#   JVM is running with Zero Based Compressed Oops mode in which the Java heap is
#     placed in the first 32GB address space. The Java Heap base address is the
#     maximum limit for the native heap growth. Please use -XX:HeapBaseMinAddress
#     to set the Java Heap base and to place the Java Heap above 32GB virtual address.
# This output file may be truncated or incomplete.
#
#  Out of Memory Error (arena.cpp:168), pid=24696, tid=22332
#
# JRE version: OpenJDK Runtime Environment Temurin-21.0.11+10 (21.0.11+10) (build 21.0.11+10-LTS)
# Java VM: OpenJDK 64-Bit Server VM Temurin-21.0.11+10 (21.0.11+10-LTS, mixed mode, sharing, tiered, compressed oops, compressed class ptrs, g1 gc, windows-amd64)
# No core dump will be written. Minidumps are not enabled by default on client versions of Windows
#

---------------  S U M M A R Y ------------

Command Line: --add-opens=java.base/java.lang=ALL-UNNAMED --add-opens=java.base/java.lang.invoke=ALL-UNNAMED --add-opens=java.base/java.util=ALL-UNNAMED --add-opens=java.prefs/java.util.prefs=ALL-UNNAMED --add-exports=jdk.compiler/com.sun.tools.javac.api=ALL-UNNAMED --add-exports=jdk.compiler/com.sun.tools.javac.util=ALL-UNNAMED --add-opens=java.base/java.util=ALL-UNNAMED --add-opens=java.prefs/java.util.prefs=ALL-UNNAMED --add-opens=java.base/java.nio.charset=ALL-UNNAMED --add-opens=java.base/java.net=ALL-UNNAMED --add-opens=java.base/java.util.concurrent.atomic=ALL-UNNAMED --add-opens=java.xml/javax.xml.namespace=ALL-UNNAMED -XX:MaxMetaspaceSize=1g -Xmx4g -Dfile.encoding=UTF-8 -Duser.country=FR -Duser.language=fr -Duser.variant -javaagent:C:\Users\zakar\.gradle\wrapper\dists\gradle-8.11.1-bin\bpt9gzteqjrbo1mjrsomdt32c\gradle-8.11.1\lib\agents\gradle-instrumentation-agent-8.11.1.jar org.gradle.launcher.daemon.bootstrap.GradleDaemon 8.11.1

Host: Intel(R) Core(TM) 5 120U, 12 cores, 15G,  Windows 11 , 64 bit Build 26100 (10.0.26100.8875)
Time: Sat Aug  1 16:07:27 2026 elapsed time: 87.771491 seconds (0d 0h 1m 27s)

---------------  T H R E A D  ---------------

Current thread (0x00000208d3b59910):  JavaThread "C2 CompilerThread0" daemon [_thread_in_native, id=22332, stack(0x0000008d8d300000,0x0000008d8d400000) (1024K)]


Current CompileTask:
C2:87771 21724       4       org.gradle.api.internal.artifacts.ivyservice.modulecache.ModuleMetadataCacheEntry::configure (17 bytes)

Stack: [0x0000008d8d300000,0x0000008d8d400000]
Native frames: (J=compiled Java code, j=interpreted, Vv=VM code, C=native code)
V  [jvm.dll+0x6d7e19]
V  [jvm.dll+0x8b5096]
V  [jvm.dll+0x8b764e]
V  [jvm.dll+0x8b7d33]
V  [jvm.dll+0x284596]
V  [jvm.dll+0xc685d]
V  [jvm.dll+0xc6da1]
V  [jvm.dll+0x2fb4ee]
V  [jvm.dll+0x5fe9a4]
V  [jvm.dll+0x255d67]
V  [jvm.dll+0x25612d]
V  [jvm.dll+0x24e6a0]
V  [jvm.dll+0x24bbe6]
V  [jvm.dll+0x1cb4ae]
V  [jvm.dll+0x25baad]
V  [jvm.dll+0x25a03a]
V  [jvm.dll+0x3f868e]
V  [jvm.dll+0x85fb0d]
V  [jvm.dll+0x6d664d]
C  [ucrtbase.dll+0x2cd30]
C  [KERNEL32.DLL+0x2e957]
C  [ntdll.dll+0xaad6c]


---------------  P R O C E S S  ---------------

Threads class SMR info:
_java_thread_list=0x00000208dbb5bd90, length=99, elements={
0x00000208b978e080, 0x00000208d3b51780, 0x00000208d3b541f0, 0x00000208d3b54c50,
0x00000208d3b576c0, 0x00000208d3b58120, 0x00000208d3b58b80, 0x00000208d3b59910,
0x00000208d3b5cef0, 0x00000208d3d24ed0, 0x00000208d3e77160, 0x00000208d986f750,
0x00000208d9931740, 0x00000208d99bbee0, 0x00000208d9994170, 0x00000208d8ec9960,
0x00000208d8a39820, 0x00000208d8a37de0, 0x00000208d8a39eb0, 0x00000208d8a3a540,
0x00000208d9e1f3a0, 0x00000208d9e1fa30, 0x00000208d9e1e680, 0x00000208da13a240,
0x00000208da138800, 0x00000208dd4dae40, 0x00000208dd4db4d0, 0x00000208dd4dcf10,
0x00000208dd4dd5a0, 0x00000208dd4dc1f0, 0x00000208dd4ddc30, 0x00000208dd4da7b0,
0x00000208dd9308d0, 0x00000208da3e2820, 0x00000208da3e7050, 0x00000208dde56c80,
0x00000208dde565f0, 0x00000208dde53e90, 0x00000208dde57310, 0x00000208dde55f60,
0x00000208dde579a0, 0x00000208dde54520, 0x00000208dde59a70, 0x00000208dde5ae20,
0x00000208dde5a100, 0x00000208dde586c0, 0x00000208daccb8b0, 0x00000208dd933030,
0x00000208dacd6350, 0x00000208e00f7a00, 0x00000208e00fbba0, 0x00000208e00fa7f0,
0x00000208d8d0d270, 0x00000208d8d0b830, 0x00000208e077af90, 0x00000208d8d07000,
0x00000208dde53800, 0x00000208dde58030, 0x00000208dde54bb0, 0x00000208dde58d50,
0x00000208dde5a790, 0x00000208d8d083b0, 0x00000208d8d0a480, 0x00000208d8d0ab10,
0x00000208d8d07690, 0x00000208d8d090d0, 0x00000208d8d09df0, 0x00000208d8d0b1a0,
0x00000208d8d08a40, 0x00000208d8d07d20, 0x00000208d8d0bec0, 0x00000208d8d0c550,
0x00000208d8d0cbe0, 0x00000208d8d09760, 0x00000208d8d10060, 0x00000208d8d0f9d0,
0x00000208d8d0e620, 0x00000208d8d0f340, 0x00000208d8d10d80, 0x00000208d8d0df90,
0x00000208d8d106f0, 0x00000208d8d0d900, 0x00000208d8d11410, 0x00000208d8d11aa0,
0x00000208d8d12130, 0x00000208d8d0ecb0, 0x00000208d8d155b0, 0x00000208d8d14200,
0x00000208d8d13b70, 0x00000208d8d15c40, 0x00000208d8d127c0, 0x00000208d8d14f20,
0x00000208d8d14890, 0x00000208d8d162d0, 0x00000208d8d12e50, 0x00000208d8d134e0,
0x00000208e00f4c10, 0x00000208e00f5fc0, 0x00000208e00f5930
}

Java Threads: ( => current thread )
  0x00000208b978e080 JavaThread "main"                              [_thread_blocked, id=10544, stack(0x0000008d8c500000,0x0000008d8c600000) (1024K)]
  0x00000208d3b51780 JavaThread "Reference Handler"          daemon [_thread_blocked, id=29240, stack(0x0000008d8cd00000,0x0000008d8ce00000) (1024K)]
  0x00000208d3b541f0 JavaThread "Finalizer"                  daemon [_thread_blocked, id=23568, stack(0x0000008d8ce00000,0x0000008d8cf00000) (1024K)]
  0x00000208d3b54c50 JavaThread "Signal Dispatcher"          daemon [_thread_blocked, id=8612, stack(0x0000008d8cf00000,0x0000008d8d000000) (1024K)]
  0x00000208d3b576c0 JavaThread "Attach Listener"            daemon [_thread_blocked, id=6220, stack(0x0000008d8d000000,0x0000008d8d100000) (1024K)]
  0x00000208d3b58120 JavaThread "Service Thread"             daemon [_thread_blocked, id=27116, stack(0x0000008d8d100000,0x0000008d8d200000) (1024K)]
  0x00000208d3b58b80 JavaThread "Monitor Deflation Thread"   daemon [_thread_blocked, id=18992, stack(0x0000008d8d200000,0x0000008d8d300000) (1024K)]
=>0x00000208d3b59910 JavaThread "C2 CompilerThread0"         daemon [_thread_in_native, id=22332, stack(0x0000008d8d300000,0x0000008d8d400000) (1024K)]
  0x00000208d3b5cef0 JavaThread "C1 CompilerThread0"         daemon [_thread_blocked, id=7304, stack(0x0000008d8d400000,0x0000008d8d500000) (1024K)]
  0x00000208d3d24ed0 JavaThread "Common-Cleaner"             daemon [_thread_blocked, id=12884, stack(0x0000008d8d500000,0x0000008d8d600000) (1024K)]
  0x00000208d3e77160 JavaThread "Notification Thread"        daemon [_thread_blocked, id=29972, stack(0x0000008d8d600000,0x0000008d8d700000) (1024K)]
  0x00000208d986f750 JavaThread "Daemon health stats"               [_thread_blocked, id=30168, stack(0x0000008d8d800000,0x0000008d8d900000) (1024K)]
  0x00000208d9931740 JavaThread "Incoming local TCP Connector on port 55275"        [_thread_in_native, id=30116, stack(0x0000008d8d700000,0x0000008d8d800000) (1024K)]
  0x00000208d99bbee0 JavaThread "Daemon periodic checks"            [_thread_blocked, id=23040, stack(0x0000008d8e200000,0x0000008d8e300000) (1024K)]
  0x00000208d9994170 JavaThread "Daemon"                            [_thread_blocked, id=3564, stack(0x0000008d8e300000,0x0000008d8e400000) (1024K)]
  0x00000208d8ec9960 JavaThread "Daemon worker"                     [_thread_blocked, id=29932, stack(0x0000008d8e500000,0x0000008d8e600000) (1024K)]
  0x00000208d8a39820 JavaThread "Cache worker for journal cache (C:\Users\zakar\.gradle\caches\journal-1)"        [_thread_blocked, id=28764, stack(0x0000008d8e900000,0x0000008d8ea00000) (1024K)]
  0x00000208d8a37de0 JavaThread "File lock request listener"        [_thread_in_native, id=20108, stack(0x0000008d8ea00000,0x0000008d8eb00000) (1024K)]
  0x00000208d8a39eb0 JavaThread "Cache worker for file hash cache (C:\Users\zakar\.gradle\caches\8.11.1\fileHashes)"        [_thread_blocked, id=10536, stack(0x0000008d8eb00000,0x0000008d8ec00000) (1024K)]
  0x00000208d8a3a540 JavaThread "Cache worker for file content cache (C:\Users\zakar\.gradle\caches\8.11.1\fileContent)"        [_thread_blocked, id=17444, stack(0x0000008d8ec00000,0x0000008d8ed00000) (1024K)]
  0x00000208d9e1f3a0 JavaThread "File watcher server"        daemon [_thread_in_native, id=18140, stack(0x0000008d8f400000,0x0000008d8f500000) (1024K)]
  0x00000208d9e1fa30 JavaThread "File watcher consumer"      daemon [_thread_blocked, id=24832, stack(0x0000008d8f500000,0x0000008d8f600000) (1024K)]
  0x00000208d9e1e680 JavaThread "jar transforms"                    [_thread_blocked, id=8604, stack(0x0000008d8f900000,0x0000008d8fa00000) (1024K)]
  0x00000208da13a240 JavaThread "jar transforms Thread 2"           [_thread_blocked, id=8816, stack(0x0000008d8fa00000,0x0000008d8fb00000) (1024K)]
  0x00000208da138800 JavaThread "jar transforms Thread 3"           [_thread_blocked, id=9536, stack(0x0000008d8fc00000,0x0000008d8fd00000) (1024K)]
  0x00000208dd4dae40 JavaThread "jar transforms Thread 4"           [_thread_blocked, id=18000, stack(0x0000008d90800000,0x0000008d90900000) (1024K)]
  0x00000208dd4db4d0 JavaThread "jar transforms Thread 5"           [_thread_blocked, id=24044, stack(0x0000008d90900000,0x0000008d90a00000) (1024K)]
  0x00000208dd4dcf10 JavaThread "jar transforms Thread 6"           [_thread_blocked, id=30268, stack(0x0000008d90a00000,0x0000008d90b00000) (1024K)]
  0x00000208dd4dd5a0 JavaThread "Memory manager"                    [_thread_blocked, id=4464, stack(0x0000008d90b00000,0x0000008d90c00000) (1024K)]
  0x00000208dd4dc1f0 JavaThread "jar transforms Thread 7"           [_thread_blocked, id=29640, stack(0x0000008d90c00000,0x0000008d90d00000) (1024K)]
  0x00000208dd4ddc30 JavaThread "jar transforms Thread 8"           [_thread_blocked, id=16964, stack(0x0000008d90d00000,0x0000008d90e00000) (1024K)]
  0x00000208dd4da7b0 JavaThread "included builds"                   [_thread_blocked, id=18472, stack(0x0000008d90e00000,0x0000008d90f00000) (1024K)]
  0x00000208dd9308d0 JavaThread "jar transforms Thread 9"           [_thread_blocked, id=3932, stack(0x0000008d93c00000,0x0000008d93d00000) (1024K)]
  0x00000208da3e2820 JavaThread "jar transforms Thread 10"          [_thread_blocked, id=2032, stack(0x0000008d95f00000,0x0000008d96000000) (1024K)]
  0x00000208da3e7050 JavaThread "jar transforms Thread 11"          [_thread_blocked, id=15612, stack(0x0000008d96000000,0x0000008d96100000) (1024K)]
  0x00000208dde56c80 JavaThread "jar transforms Thread 12"          [_thread_blocked, id=29056, stack(0x0000008d98200000,0x0000008d98300000) (1024K)]
  0x00000208dde565f0 JavaThread "ForkJoinPool.commonPool-worker-1" daemon [_thread_blocked, id=31024, stack(0x0000008d95e00000,0x0000008d95f00000) (1024K)]
  0x00000208dde53e90 JavaThread "ForkJoinPool.commonPool-worker-2" daemon [_thread_blocked, id=18388, stack(0x0000008d98400000,0x0000008d98500000) (1024K)]
  0x00000208dde57310 JavaThread "ForkJoinPool.commonPool-worker-3" daemon [_thread_blocked, id=8820, stack(0x0000008d98500000,0x0000008d98600000) (1024K)]
  0x00000208dde55f60 JavaThread "ForkJoinPool.commonPool-worker-4" daemon [_thread_blocked, id=25588, stack(0x0000008d98600000,0x0000008d98700000) (1024K)]
  0x00000208dde579a0 JavaThread "ForkJoinPool.commonPool-worker-5" daemon [_thread_blocked, id=11224, stack(0x0000008d98700000,0x0000008d98800000) (1024K)]
  0x00000208dde54520 JavaThread "ForkJoinPool.commonPool-worker-6" daemon [_thread_blocked, id=19412, stack(0x0000008d98800000,0x0000008d98900000) (1024K)]
  0x00000208dde59a70 JavaThread "ForkJoinPool.commonPool-worker-8" daemon [_thread_blocked, id=4644, stack(0x0000008d98900000,0x0000008d98a00000) (1024K)]
  0x00000208dde5ae20 JavaThread "ForkJoinPool.commonPool-worker-7" daemon [_thread_blocked, id=30812, stack(0x0000008d98a00000,0x0000008d98b00000) (1024K)]
  0x00000208dde5a100 JavaThread "ForkJoinPool.commonPool-worker-9" daemon [_thread_blocked, id=10212, stack(0x0000008d98b00000,0x0000008d98c00000) (1024K)]
  0x00000208dde586c0 JavaThread "ForkJoinPool.commonPool-worker-10" daemon [_thread_blocked, id=1588, stack(0x0000008d98c00000,0x0000008d98d00000) (1024K)]
  0x00000208daccb8b0 JavaThread "VFS cleanup"                       [_thread_blocked, id=1836, stack(0x0000008d8e600000,0x0000008d8e700000) (1024K)]
  0x00000208dd933030 JavaThread "included builds"                   [_thread_blocked, id=7944, stack(0x0000008d90500000,0x0000008d90600000) (1024K)]
  0x00000208dacd6350 JavaThread "included builds"                   [_thread_blocked, id=31088, stack(0x0000008d90700000,0x0000008d90800000) (1024K)]
  0x00000208e00f7a00 JavaThread "included builds"                   [_thread_blocked, id=28036, stack(0x0000008d90400000,0x0000008d90500000) (1024K)]
  0x00000208e00fbba0 JavaThread "included builds"                   [_thread_blocked, id=18820, stack(0x0000008d90f00000,0x0000008d91000000) (1024K)]
  0x00000208e00fa7f0 JavaThread "included builds"                   [_thread_blocked, id=4172, stack(0x0000008d90200000,0x0000008d90300000) (1024K)]
  0x00000208d8d0d270 JavaThread "included builds"                   [_thread_blocked, id=20460, stack(0x0000008d90300000,0x0000008d90400000) (1024K)]
  0x00000208d8d0b830 JavaThread "included builds"                   [_thread_blocked, id=25576, stack(0x0000008d90600000,0x0000008d90700000) (1024K)]
  0x00000208e077af90 JavaThread "ForkJoinPool.commonPool-worker-11" daemon [_thread_blocked, id=23916, stack(0x0000008d96300000,0x0000008d96400000) (1024K)]
  0x00000208d8d07000 JavaThread "included builds"                   [_thread_blocked, id=9308, stack(0x0000008d91000000,0x0000008d91100000) (1024K)]
  0x00000208dde53800 JavaThread "Handler for socket connection from /127.0.0.1:55275 to /127.0.0.1:61804"        [_thread_in_native, id=27524, stack(0x0000008d8c300000,0x0000008d8c400000) (1024K)]
  0x00000208dde58030 JavaThread "Cancel handler"                    [_thread_blocked, id=18444, stack(0x0000008d8c400000,0x0000008d8c500000) (1024K)]
  0x00000208dde54bb0 JavaThread "Asynchronous log dispatcher for DefaultDaemonConnection: socket connection from /127.0.0.1:55275 to /127.0.0.1:61804"        [_thread_blocked, id=15608, stack(0x0000008d8e100000,0x0000008d8e200000) (1024K)]
  0x00000208dde58d50 JavaThread "Stdin handler"                     [_thread_blocked, id=9304, stack(0x0000008d8e400000,0x0000008d8e500000) (1024K)]
  0x00000208dde5a790 JavaThread "Daemon client event forwarder"        [_thread_blocked, id=7848, stack(0x0000008d8e700000,0x0000008d8e800000) (1024K)]
  0x00000208d8d083b0 JavaThread "Cache worker for file hash cache (C:\Users\zakar\Documents\axelor-LVME\open-suite-webapp\.gradle\8.11.1\fileHashes)"        [_thread_blocked, id=31048, stack(0x0000008d8e800000,0x0000008d8e900000) (1024K)]
  0x00000208d8d0a480 JavaThread "Cache worker for Build Output Cleanup Cache (C:\Users\zakar\Documents\axelor-LVME\open-suite-webapp\.gradle\buildOutputCleanup)"        [_thread_blocked, id=9052, stack(0x0000008d8ed00000,0x0000008d8ee00000) (1024K)]
  0x00000208d8d0ab10 JavaThread "Cache worker for Build Output Cleanup Cache (C:\Users\zakar\Documents\axelor-LVME\open-suite-webapp\buildSrc\.gradle\buildOutputCleanup)"        [_thread_blocked, id=25228, stack(0x0000008d8f100000,0x0000008d8f200000) (1024K)]
  0x00000208d8d07690 JavaThread "Cache worker for checksums cache (C:\Users\zakar\Documents\axelor-LVME\open-suite-webapp\.gradle\8.11.1\checksums)"        [_thread_blocked, id=17280, stack(0x0000008d8f200000,0x0000008d8f300000) (1024K)]
  0x00000208d8d090d0 JavaThread "Cache worker for cache directory md-rule (C:\Users\zakar\.gradle\caches\8.11.1\md-rule)"        [_thread_blocked, id=6508, stack(0x0000008d8f300000,0x0000008d8f400000) (1024K)]
  0x00000208d8d09df0 JavaThread "Cache worker for cache directory md-supplier (C:\Users\zakar\.gradle\caches\8.11.1\md-supplier)"        [_thread_blocked, id=12252, stack(0x0000008d8f600000,0x0000008d8f700000) (1024K)]
  0x00000208d8d0b1a0 JavaThread "Unconstrained build operations"        [_thread_blocked, id=13676, stack(0x0000008d8f700000,0x0000008d8f800000) (1024K)]
  0x00000208d8d08a40 JavaThread "Unconstrained build operations Thread 2"        [_thread_blocked, id=7064, stack(0x0000008d8f800000,0x0000008d8f900000) (1024K)]
  0x00000208d8d07d20 JavaThread "Unconstrained build operations Thread 3"        [_thread_blocked, id=12100, stack(0x0000008d8fb00000,0x0000008d8fc00000) (1024K)]
  0x00000208d8d0bec0 JavaThread "Unconstrained build operations Thread 4"        [_thread_blocked, id=13588, stack(0x0000008d8fd00000,0x0000008d8fe00000) (1024K)]
  0x00000208d8d0c550 JavaThread "Unconstrained build operations Thread 5"        [_thread_blocked, id=8720, stack(0x0000008d8fe00000,0x0000008d8ff00000) (1024K)]
  0x00000208d8d0cbe0 JavaThread "Unconstrained build operations Thread 6"        [_thread_blocked, id=16232, stack(0x0000008d8ff00000,0x0000008d90000000) (1024K)]
  0x00000208d8d09760 JavaThread "Unconstrained build operations Thread 7"        [_thread_blocked, id=24364, stack(0x0000008d90000000,0x0000008d90100000) (1024K)]
  0x00000208d8d10060 JavaThread "Unconstrained build operations Thread 8"        [_thread_blocked, id=7756, stack(0x0000008d90100000,0x0000008d90200000) (1024K)]
  0x00000208d8d0f9d0 JavaThread "included builds"                   [_thread_blocked, id=7308, stack(0x0000008d91100000,0x0000008d91200000) (1024K)]
  0x00000208d8d0e620 JavaThread "Execution worker"                  [_thread_blocked, id=17104, stack(0x0000008d91200000,0x0000008d91300000) (1024K)]
  0x00000208d8d0f340 JavaThread "Execution worker Thread 2"         [_thread_blocked, id=15652, stack(0x0000008d91300000,0x0000008d91400000) (1024K)]
  0x00000208d8d10d80 JavaThread "Execution worker Thread 3"         [_thread_blocked, id=29296, stack(0x0000008d91400000,0x0000008d91500000) (1024K)]
  0x00000208d8d0df90 JavaThread "Execution worker Thread 4"         [_thread_blocked, id=25364, stack(0x0000008d91500000,0x0000008d91600000) (1024K)]
  0x00000208d8d106f0 JavaThread "Execution worker Thread 5"         [_thread_blocked, id=11292, stack(0x0000008d91600000,0x0000008d91700000) (1024K)]
  0x00000208d8d0d900 JavaThread "Execution worker Thread 6"         [_thread_blocked, id=13568, stack(0x0000008d91700000,0x0000008d91800000) (1024K)]
  0x00000208d8d11410 JavaThread "Execution worker Thread 7"         [_thread_blocked, id=11104, stack(0x0000008d91800000,0x0000008d91900000) (1024K)]
  0x00000208d8d11aa0 JavaThread "Execution worker Thread 8"         [_thread_blocked, id=29700, stack(0x0000008d91900000,0x0000008d91a00000) (1024K)]
  0x00000208d8d12130 JavaThread "Execution worker Thread 9"         [_thread_blocked, id=8512, stack(0x0000008d91a00000,0x0000008d91b00000) (1024K)]
  0x00000208d8d0ecb0 JavaThread "Execution worker Thread 10"        [_thread_blocked, id=24512, stack(0x0000008d91b00000,0x0000008d91c00000) (1024K)]
  0x00000208d8d155b0 JavaThread "Execution worker Thread 11"        [_thread_blocked, id=28816, stack(0x0000008d91c00000,0x0000008d91d00000) (1024K)]
  0x00000208d8d14200 JavaThread "Cache worker for execution history cache (C:\Users\zakar\Documents\axelor-LVME\open-suite-webapp\buildSrc\.gradle\8.11.1\executionHistory)"        [_thread_blocked, id=17856, stack(0x0000008d91d00000,0x0000008d91e00000) (1024K)]
  0x00000208d8d13b70 JavaThread "Unconstrained build operations Thread 9"        [_thread_blocked, id=11472, stack(0x0000008d91e00000,0x0000008d91f00000) (1024K)]
  0x00000208d8d15c40 JavaThread "Unconstrained build operations Thread 10"        [_thread_in_Java, id=12260, stack(0x0000008d91f00000,0x0000008d92000000) (1024K)]
  0x00000208d8d127c0 JavaThread "Unconstrained build operations Thread 11"        [_thread_in_Java, id=23036, stack(0x0000008d92000000,0x0000008d92100000) (1024K)]
  0x00000208d8d14f20 JavaThread "Unconstrained build operations Thread 12"        [_thread_blocked, id=30096, stack(0x0000008d92100000,0x0000008d92200000) (1024K)]
  0x00000208d8d14890 JavaThread "Unconstrained build operations Thread 13"        [_thread_blocked, id=7824, stack(0x0000008d92200000,0x0000008d92300000) (1024K)]
  0x00000208d8d162d0 JavaThread "Unconstrained build operations Thread 14"        [_thread_blocked, id=7604, stack(0x0000008d92300000,0x0000008d92400000) (1024K)]
  0x00000208d8d12e50 JavaThread "Unconstrained build operations Thread 15"        [_thread_blocked, id=7708, stack(0x0000008d92400000,0x0000008d92500000) (1024K)]
  0x00000208d8d134e0 JavaThread "Unconstrained build operations Thread 16"        [_thread_blocked, id=30900, stack(0x0000008d92500000,0x0000008d92600000) (1024K)]
  0x00000208e00f4c10 JavaThread "Unconstrained build operations Thread 17"        [_thread_blocked, id=24764, stack(0x0000008d92600000,0x0000008d92700000) (1024K)]
  0x00000208e00f5fc0 JavaThread "Unconstrained build operations Thread 18"        [_thread_in_Java, id=9336, stack(0x0000008d92700000,0x0000008d92800000) (1024K)]
  0x00000208e00f5930 JavaThread "Unconstrained build operations Thread 19"        [_thread_blocked, id=22588, stack(0x0000008d92800000,0x0000008d92900000) (1024K)]
Total: 99

Other Threads:
  0x00000208d3b2b210 VMThread "VM Thread"                           [id=20036, stack(0x0000008d8cc00000,0x0000008d8cd00000) (1024K)]
  0x00000208d3b10340 WatcherThread "VM Periodic Task Thread"        [id=8136, stack(0x0000008d8cb00000,0x0000008d8cc00000) (1024K)]
  0x00000208b97f7a90 WorkerThread "GC Thread#0"                     [id=17428, stack(0x0000008d8c600000,0x0000008d8c700000) (1024K)]
  0x00000208d3f5d6a0 WorkerThread "GC Thread#1"                     [id=30592, stack(0x0000008d8d900000,0x0000008d8da00000) (1024K)]
  0x00000208d3f5da50 WorkerThread "GC Thread#2"                     [id=8100, stack(0x0000008d8da00000,0x0000008d8db00000) (1024K)]
  0x00000208d8071370 WorkerThread "GC Thread#3"                     [id=28704, stack(0x0000008d8db00000,0x0000008d8dc00000) (1024K)]
  0x00000208d8071720 WorkerThread "GC Thread#4"                     [id=23824, stack(0x0000008d8dc00000,0x0000008d8dd00000) (1024K)]
  0x00000208d8236380 WorkerThread "GC Thread#5"                     [id=25088, stack(0x0000008d8dd00000,0x0000008d8de00000) (1024K)]
  0x00000208d8a46890 WorkerThread "GC Thread#6"                     [id=14396, stack(0x0000008d8de00000,0x0000008d8df00000) (1024K)]
  0x00000208d8908ab0 WorkerThread "GC Thread#7"                     [id=26280, stack(0x0000008d8df00000,0x0000008d8e000000) (1024K)]
  0x00000208d8908e60 WorkerThread "GC Thread#8"                     [id=14304, stack(0x0000008d8e000000,0x0000008d8e100000) (1024K)]
  0x00000208da75a870 WorkerThread "GC Thread#9"                     [id=11956, stack(0x0000008d8ee00000,0x0000008d8ef00000) (1024K)]
  0x00000208b9808990 ConcurrentGCThread "G1 Main Marker"            [id=2360, stack(0x0000008d8c700000,0x0000008d8c800000) (1024K)]
  0x00000208b98093b0 WorkerThread "G1 Conc#0"                       [id=20180, stack(0x0000008d8c800000,0x0000008d8c900000) (1024K)]
  0x00000208da75b380 WorkerThread "G1 Conc#1"                       [id=17848, stack(0x0000008d8ef00000,0x0000008d8f000000) (1024K)]
  0x00000208da758740 WorkerThread "G1 Conc#2"                       [id=29328, stack(0x0000008d8f000000,0x0000008d8f100000) (1024K)]
  0x00000208d39e1450 ConcurrentGCThread "G1 Refine#0"               [id=16080, stack(0x0000008d8c900000,0x0000008d8ca00000) (1024K)]
  0x00000208d39e2580 ConcurrentGCThread "G1 Service"                [id=30676, stack(0x0000008d8ca00000,0x0000008d8cb00000) (1024K)]
Total: 18

Threads with active compile tasks:
C2 CompilerThread0  87796 21724       4       org.gradle.api.internal.artifacts.ivyservice.modulecache.ModuleMetadataCacheEntry::configure (17 bytes)
Total: 1

VM state: not at safepoint (normal execution)

VM Mutex/Monitor currently owned by a thread: None

Heap address: 0x0000000700000000, size: 4096 MB, Compressed Oops mode: Zero based, Oop shift amount: 3

CDS archive(s) mapped at: [0x0000020880000000-0x0000020880ba0000-0x0000020880ba0000), size 12189696, SharedBaseAddress: 0x0000020880000000, ArchiveRelocationMode: 1.
Compressed class space mapped at: 0x0000020881000000-0x00000208b5000000, reserved size: 872415232
Narrow klass base: 0x0000020880000000, Narrow klass shift: 0, Narrow klass range: 0x100000000

GC Precious Log:
 CardTable entry size: 512
 Card Set container configuration: InlinePtr #cards 4 size 8 Array Of Cards #cards 16 size 48 Howl #buckets 8 coarsen threshold 3686 Howl Bitmap #cards 512 size 80 coarsen threshold 460 Card regions per heap region 1 cards per card region 4096
 CPUs: 12 total, 12 available
 Memory: 16068M
 Large Page Support: Disabled
 NUMA Support: Disabled
 Compressed Oops: Enabled (Zero based)
 Heap Region Size: 2M
 Heap Min Capacity: 8M
 Heap Initial Capacity: 252M
 Heap Max Capacity: 4G
 Pre-touch: Disabled
 Parallel Workers: 10
 Concurrent Workers: 3
 Concurrent Refinement Workers: 10
 Periodic GC: Disabled

Heap:
 garbage-first heap   total 921600K, used 730645K [0x0000000700000000, 0x0000000800000000)
  region size 2048K, 98 young (200704K), 15 survivors (30720K)
 Metaspace       used 78017K, committed 80832K, reserved 983040K
  class space    used 11063K, committed 12416K, reserved 851968K

Heap Regions: E=young(eden), S=young(survivor), O=old, HS=humongous(starts), HC=humongous(continues), CS=collection set, F=free, TAMS=top-at-mark-start, PB=parsable bottom
|   0|0x0000000700000000, 0x0000000700200000, 0x0000000700200000|100%|HS|  |TAMS 0x0000000700000000| PB 0x0000000700000000| Complete 
|   1|0x0000000700200000, 0x0000000700400000, 0x0000000700400000|100%|HC|  |TAMS 0x0000000700200000| PB 0x0000000700200000| Complete 
|   2|0x0000000700400000, 0x0000000700600000, 0x0000000700600000|100%| O|  |TAMS 0x0000000700400000| PB 0x0000000700400000| Untracked 
|   3|0x0000000700600000, 0x0000000700800000, 0x0000000700800000|100%| O|  |TAMS 0x0000000700600000| PB 0x0000000700600000| Untracked 
|   4|0x0000000700800000, 0x0000000700a00000, 0x0000000700a00000|100%| O|  |TAMS 0x0000000700800000| PB 0x0000000700800000| Untracked 
|   5|0x0000000700a00000, 0x0000000700c00000, 0x0000000700c00000|100%| O|  |TAMS 0x0000000700a00000| PB 0x0000000700a00000| Untracked 
|   6|0x0000000700c00000, 0x0000000700e00000, 0x0000000700e00000|100%| O|  |TAMS 0x0000000700c00000| PB 0x0000000700c00000| Untracked 
|   7|0x0000000700e00000, 0x0000000701000000, 0x0000000701000000|100%| O|  |TAMS 0x0000000700e00000| PB 0x0000000700e00000| Untracked 
|   8|0x0000000701000000, 0x0000000701200000, 0x0000000701200000|100%| O|  |TAMS 0x0000000701000000| PB 0x0000000701000000| Untracked 
|   9|0x0000000701200000, 0x0000000701400000, 0x0000000701400000|100%| O|  |TAMS 0x0000000701200000| PB 0x0000000701200000| Untracked 
|  10|0x0000000701400000, 0x0000000701600000, 0x0000000701600000|100%| O|  |TAMS 0x0000000701400000| PB 0x0000000701400000| Untracked 
|  11|0x0000000701600000, 0x0000000701800000, 0x0000000701800000|100%| O|  |TAMS 0x0000000701600000| PB 0x0000000701600000| Untracked 
|  12|0x0000000701800000, 0x0000000701a00000, 0x0000000701a00000|100%| O|  |TAMS 0x0000000701800000| PB 0x0000000701800000| Untracked 
|  13|0x0000000701a00000, 0x0000000701c00000, 0x0000000701c00000|100%| O|  |TAMS 0x0000000701a00000| PB 0x0000000701a00000| Untracked 
|  14|0x0000000701c00000, 0x0000000701e00000, 0x0000000701e00000|100%| O|  |TAMS 0x0000000701c00000| PB 0x0000000701c00000| Untracked 
|  15|0x0000000701e00000, 0x0000000702000000, 0x0000000702000000|100%| O|  |TAMS 0x0000000701e00000| PB 0x0000000701e00000| Untracked 
|  16|0x0000000702000000, 0x0000000702200000, 0x0000000702200000|100%| O|  |TAMS 0x0000000702000000| PB 0x0000000702000000| Untracked 
|  17|0x0000000702200000, 0x0000000702400000, 0x0000000702400000|100%| O|  |TAMS 0x0000000702200000| PB 0x0000000702200000| Untracked 
|  18|0x0000000702400000, 0x0000000702600000, 0x0000000702600000|100%| O|  |TAMS 0x0000000702400000| PB 0x0000000702400000| Untracked 
|  19|0x0000000702600000, 0x0000000702800000, 0x0000000702800000|100%| O|  |TAMS 0x0000000702600000| PB 0x0000000702600000| Untracked 
|  20|0x0000000702800000, 0x0000000702a00000, 0x0000000702a00000|100%| O|  |TAMS 0x0000000702800000| PB 0x0000000702800000| Untracked 
|  21|0x0000000702a00000, 0x0000000702c00000, 0x0000000702c00000|100%| O|  |TAMS 0x0000000702a00000| PB 0x0000000702a00000| Untracked 
|  22|0x0000000702c00000, 0x0000000702e00000, 0x0000000702e00000|100%| O|  |TAMS 0x0000000702c00000| PB 0x0000000702c00000| Untracked 
|  23|0x0000000702e00000, 0x0000000703000000, 0x0000000703000000|100%| O|  |TAMS 0x0000000702e00000| PB 0x0000000702e00000| Untracked 
|  24|0x0000000703000000, 0x0000000703200000, 0x0000000703200000|100%| O|  |TAMS 0x0000000703000000| PB 0x0000000703000000| Untracked 
|  25|0x0000000703200000, 0x0000000703400000, 0x0000000703400000|100%| O|  |TAMS 0x0000000703200000| PB 0x0000000703200000| Untracked 
|  26|0x0000000703400000, 0x0000000703600000, 0x0000000703600000|100%| O|  |TAMS 0x0000000703400000| PB 0x0000000703400000| Untracked 
|  27|0x0000000703600000, 0x0000000703800000, 0x0000000703800000|100%| O|  |TAMS 0x0000000703600000| PB 0x0000000703600000| Untracked 
|  28|0x0000000703800000, 0x0000000703a00000, 0x0000000703a00000|100%| O|  |TAMS 0x0000000703800000| PB 0x0000000703800000| Untracked 
|  29|0x0000000703a00000, 0x0000000703c00000, 0x0000000703c00000|100%| O|  |TAMS 0x0000000703a00000| PB 0x0000000703a00000| Untracked 
|  30|0x0000000703c00000, 0x0000000703e00000, 0x0000000703e00000|100%| O|  |TAMS 0x0000000703c00000| PB 0x0000000703c00000| Untracked 
|  31|0x0000000703e00000, 0x0000000704000000, 0x0000000704000000|100%| O|  |TAMS 0x0000000703e00000| PB 0x0000000703e00000| Untracked 
|  32|0x0000000704000000, 0x0000000704200000, 0x0000000704200000|100%| O|  |TAMS 0x0000000704000000| PB 0x0000000704000000| Untracked 
|  33|0x0000000704200000, 0x0000000704400000, 0x0000000704400000|100%| O|  |TAMS 0x0000000704200000| PB 0x0000000704200000| Untracked 
|  34|0x0000000704400000, 0x0000000704600000, 0x0000000704600000|100%| O|  |TAMS 0x0000000704400000| PB 0x0000000704400000| Untracked 
|  35|0x0000000704600000, 0x0000000704800000, 0x0000000704800000|100%| O|  |TAMS 0x0000000704600000| PB 0x0000000704600000| Untracked 
|  36|0x0000000704800000, 0x0000000704a00000, 0x0000000704a00000|100%| O|  |TAMS 0x0000000704800000| PB 0x0000000704800000| Untracked 
|  37|0x0000000704a00000, 0x0000000704c00000, 0x0000000704c00000|100%| O|  |TAMS 0x0000000704a00000| PB 0x0000000704a00000| Untracked 
|  38|0x0000000704c00000, 0x0000000704e00000, 0x0000000704e00000|100%| O|  |TAMS 0x0000000704c00000| PB 0x0000000704c00000| Untracked 
|  39|0x0000000704e00000, 0x0000000705000000, 0x0000000705000000|100%| O|  |TAMS 0x0000000704e00000| PB 0x0000000704e00000| Untracked 
|  40|0x0000000705000000, 0x0000000705200000, 0x0000000705200000|100%| O|  |TAMS 0x0000000705000000| PB 0x0000000705000000| Untracked 
|  41|0x0000000705200000, 0x0000000705400000, 0x0000000705400000|100%| O|  |TAMS 0x0000000705200000| PB 0x0000000705200000| Untracked 
|  42|0x0000000705400000, 0x0000000705600000, 0x0000000705600000|100%| O|  |TAMS 0x0000000705400000| PB 0x0000000705400000| Untracked 
|  43|0x0000000705600000, 0x0000000705800000, 0x0000000705800000|100%| O|  |TAMS 0x0000000705600000| PB 0x0000000705600000| Untracked 
|  44|0x0000000705800000, 0x0000000705a00000, 0x0000000705a00000|100%| O|  |TAMS 0x0000000705800000| PB 0x0000000705800000| Untracked 
|  45|0x0000000705a00000, 0x0000000705c00000, 0x0000000705c00000|100%| O|  |TAMS 0x0000000705a00000| PB 0x0000000705a00000| Untracked 
|  46|0x0000000705c00000, 0x0000000705e00000, 0x0000000705e00000|100%| O|  |TAMS 0x0000000705c00000| PB 0x0000000705c00000| Untracked 
|  47|0x0000000705e00000, 0x0000000706000000, 0x0000000706000000|100%| O|  |TAMS 0x0000000705e00000| PB 0x0000000705e00000| Untracked 
|  48|0x0000000706000000, 0x0000000706200000, 0x0000000706200000|100%| O|  |TAMS 0x0000000706000000| PB 0x0000000706000000| Untracked 
|  49|0x0000000706200000, 0x0000000706400000, 0x0000000706400000|100%| O|  |TAMS 0x0000000706200000| PB 0x0000000706200000| Untracked 
|  50|0x0000000706400000, 0x0000000706600000, 0x0000000706600000|100%| O|  |TAMS 0x0000000706400000| PB 0x0000000706400000| Untracked 
|  51|0x0000000706600000, 0x0000000706800000, 0x0000000706800000|100%| O|  |TAMS 0x0000000706600000| PB 0x0000000706600000| Untracked 
|  52|0x0000000706800000, 0x0000000706a00000, 0x0000000706a00000|100%| O|  |TAMS 0x0000000706800000| PB 0x0000000706800000| Untracked 
|  53|0x0000000706a00000, 0x0000000706c00000, 0x0000000706c00000|100%| O|  |TAMS 0x0000000706a00000| PB 0x0000000706a00000| Untracked 
|  54|0x0000000706c00000, 0x0000000706e00000, 0x0000000706e00000|100%| O|  |TAMS 0x0000000706c00000| PB 0x0000000706c00000| Untracked 
|  55|0x0000000706e00000, 0x0000000707000000, 0x0000000707000000|100%| O|  |TAMS 0x0000000706e00000| PB 0x0000000706e00000| Untracked 
|  56|0x0000000707000000, 0x0000000707200000, 0x0000000707200000|100%| O|  |TAMS 0x0000000707000000| PB 0x0000000707000000| Untracked 
|  57|0x0000000707200000, 0x0000000707400000, 0x0000000707400000|100%| O|  |TAMS 0x0000000707200000| PB 0x0000000707200000| Untracked 
|  58|0x0000000707400000, 0x0000000707600000, 0x0000000707600000|100%| O|  |TAMS 0x0000000707400000| PB 0x0000000707400000| Untracked 
|  59|0x0000000707600000, 0x0000000707800000, 0x0000000707800000|100%| O|  |TAMS 0x0000000707600000| PB 0x0000000707600000| Untracked 
|  60|0x0000000707800000, 0x0000000707a00000, 0x0000000707a00000|100%| O|  |TAMS 0x0000000707800000| PB 0x0000000707800000| Untracked 
|  61|0x0000000707a00000, 0x0000000707c00000, 0x0000000707c00000|100%| O|  |TAMS 0x0000000707a00000| PB 0x0000000707a00000| Untracked 
|  62|0x0000000707c00000, 0x0000000707e00000, 0x0000000707e00000|100%| O|  |TAMS 0x0000000707c00000| PB 0x0000000707c00000| Untracked 
|  63|0x0000000707e00000, 0x0000000708000000, 0x0000000708000000|100%| O|  |TAMS 0x0000000707e00000| PB 0x0000000707e00000| Untracked 
|  64|0x0000000708000000, 0x0000000708200000, 0x0000000708200000|100%| O|  |TAMS 0x0000000708000000| PB 0x0000000708000000| Untracked 
|  65|0x0000000708200000, 0x0000000708400000, 0x0000000708400000|100%| O|  |TAMS 0x0000000708200000| PB 0x0000000708200000| Untracked 
|  66|0x0000000708400000, 0x0000000708600000, 0x0000000708600000|100%| O|  |TAMS 0x0000000708400000| PB 0x0000000708400000| Untracked 
|  67|0x0000000708600000, 0x0000000708800000, 0x0000000708800000|100%| O|  |TAMS 0x0000000708600000| PB 0x0000000708600000| Untracked 
|  68|0x0000000708800000, 0x0000000708a00000, 0x0000000708a00000|100%| O|  |TAMS 0x0000000708800000| PB 0x0000000708800000| Untracked 
|  69|0x0000000708a00000, 0x0000000708c00000, 0x0000000708c00000|100%| O|  |TAMS 0x0000000708a00000| PB 0x0000000708a00000| Untracked 
|  70|0x0000000708c00000, 0x0000000708e00000, 0x0000000708e00000|100%| O|  |TAMS 0x0000000708c00000| PB 0x0000000708c00000| Untracked 
|  71|0x0000000708e00000, 0x0000000709000000, 0x0000000709000000|100%| O|  |TAMS 0x0000000708e00000| PB 0x0000000708e00000| Untracked 
|  72|0x0000000709000000, 0x0000000709200000, 0x0000000709200000|100%| O|  |TAMS 0x0000000709000000| PB 0x0000000709000000| Untracked 
|  73|0x0000000709200000, 0x0000000709400000, 0x0000000709400000|100%| O|  |TAMS 0x0000000709200000| PB 0x0000000709200000| Untracked 
|  74|0x0000000709400000, 0x0000000709600000, 0x0000000709600000|100%| O|  |TAMS 0x0000000709400000| PB 0x0000000709400000| Untracked 
|  75|0x0000000709600000, 0x0000000709800000, 0x0000000709800000|100%| O|  |TAMS 0x0000000709600000| PB 0x0000000709600000| Untracked 
|  76|0x0000000709800000, 0x0000000709a00000, 0x0000000709a00000|100%| O|  |TAMS 0x0000000709800000| PB 0x0000000709800000| Untracked 
|  77|0x0000000709a00000, 0x0000000709c00000, 0x0000000709c00000|100%| O|  |TAMS 0x0000000709a00000| PB 0x0000000709a00000| Untracked 
|  78|0x0000000709c00000, 0x0000000709e00000, 0x0000000709e00000|100%| O|  |TAMS 0x0000000709c00000| PB 0x0000000709c00000| Untracked 
|  79|0x0000000709e00000, 0x000000070a000000, 0x000000070a000000|100%| O|  |TAMS 0x0000000709e00000| PB 0x0000000709e00000| Untracked 
|  80|0x000000070a000000, 0x000000070a200000, 0x000000070a200000|100%| O|  |TAMS 0x000000070a000000| PB 0x000000070a000000| Untracked 
|  81|0x000000070a200000, 0x000000070a400000, 0x000000070a400000|100%| O|  |TAMS 0x000000070a200000| PB 0x000000070a200000| Untracked 
|  82|0x000000070a400000, 0x000000070a600000, 0x000000070a600000|100%| O|  |TAMS 0x000000070a400000| PB 0x000000070a400000| Untracked 
|  83|0x000000070a600000, 0x000000070a800000, 0x000000070a800000|100%| O|  |TAMS 0x000000070a600000| PB 0x000000070a600000| Untracked 
|  84|0x000000070a800000, 0x000000070aa00000, 0x000000070aa00000|100%| O|  |TAMS 0x000000070a800000| PB 0x000000070a800000| Untracked 
|  85|0x000000070aa00000, 0x000000070ac00000, 0x000000070ac00000|100%| O|  |TAMS 0x000000070aa00000| PB 0x000000070aa00000| Untracked 
|  86|0x000000070ac00000, 0x000000070ae00000, 0x000000070ae00000|100%| O|  |TAMS 0x000000070ac00000| PB 0x000000070ac00000| Untracked 
|  87|0x000000070ae00000, 0x000000070b000000, 0x000000070b000000|100%| O|  |TAMS 0x000000070ae00000| PB 0x000000070ae00000| Untracked 
|  88|0x000000070b000000, 0x000000070b200000, 0x000000070b200000|100%| O|  |TAMS 0x000000070b000000| PB 0x000000070b000000| Untracked 
|  89|0x000000070b200000, 0x000000070b400000, 0x000000070b400000|100%| O|  |TAMS 0x000000070b200000| PB 0x000000070b200000| Untracked 
|  90|0x000000070b400000, 0x000000070b600000, 0x000000070b600000|100%| O|  |TAMS 0x000000070b400000| PB 0x000000070b400000| Untracked 
|  91|0x000000070b600000, 0x000000070b800000, 0x000000070b800000|100%| O|  |TAMS 0x000000070b600000| PB 0x000000070b600000| Untracked 
|  92|0x000000070b800000, 0x000000070ba00000, 0x000000070ba00000|100%| O|  |TAMS 0x000000070b800000| PB 0x000000070b800000| Untracked 
|  93|0x000000070ba00000, 0x000000070bc00000, 0x000000070bc00000|100%| O|  |TAMS 0x000000070ba00000| PB 0x000000070ba00000| Untracked 
|  94|0x000000070bc00000, 0x000000070be00000, 0x000000070be00000|100%| O|  |TAMS 0x000000070bc00000| PB 0x000000070bc00000| Untracked 
|  95|0x000000070be00000, 0x000000070c000000, 0x000000070c000000|100%| O|  |TAMS 0x000000070be00000| PB 0x000000070be00000| Untracked 
|  96|0x000000070c000000, 0x000000070c200000, 0x000000070c200000|100%| O|  |TAMS 0x000000070c000000| PB 0x000000070c000000| Untracked 
|  97|0x000000070c200000, 0x000000070c400000, 0x000000070c400000|100%| O|  |TAMS 0x000000070c200000| PB 0x000000070c200000| Untracked 
|  98|0x000000070c400000, 0x000000070c600000, 0x000000070c600000|100%| O|  |TAMS 0x000000070c400000| PB 0x000000070c400000| Untracked 
|  99|0x000000070c600000, 0x000000070c800000, 0x000000070c800000|100%| O|  |TAMS 0x000000070c600000| PB 0x000000070c600000| Untracked 
| 100|0x000000070c800000, 0x000000070ca00000, 0x000000070ca00000|100%| O|  |TAMS 0x000000070c800000| PB 0x000000070c800000| Untracked 
| 101|0x000000070ca00000, 0x000000070cc00000, 0x000000070cc00000|100%| O|  |TAMS 0x000000070ca00000| PB 0x000000070ca00000| Untracked 
| 102|0x000000070cc00000, 0x000000070ce00000, 0x000000070ce00000|100%| O|  |TAMS 0x000000070cc00000| PB 0x000000070cc00000| Untracked 
| 103|0x000000070ce00000, 0x000000070d000000, 0x000000070d000000|100%| O|  |TAMS 0x000000070ce00000| PB 0x000000070ce00000| Untracked 
| 104|0x000000070d000000, 0x000000070d200000, 0x000000070d200000|100%| O|  |TAMS 0x000000070d000000| PB 0x000000070d000000| Untracked 
| 105|0x000000070d200000, 0x000000070d400000, 0x000000070d400000|100%| O|  |TAMS 0x000000070d200000| PB 0x000000070d200000| Untracked 
| 106|0x000000070d400000, 0x000000070d600000, 0x000000070d600000|100%| O|  |TAMS 0x000000070d400000| PB 0x000000070d400000| Untracked 
| 107|0x000000070d600000, 0x000000070d800000, 0x000000070d800000|100%| O|  |TAMS 0x000000070d600000| PB 0x000000070d600000| Untracked 
| 108|0x000000070d800000, 0x000000070da00000, 0x000000070da00000|100%| O|  |TAMS 0x000000070d800000| PB 0x000000070d800000| Untracked 
| 109|0x000000070da00000, 0x000000070dc00000, 0x000000070dc00000|100%| O|  |TAMS 0x000000070da00000| PB 0x000000070da00000| Untracked 
| 110|0x000000070dc00000, 0x000000070de00000, 0x000000070de00000|100%| O|  |TAMS 0x000000070dc00000| PB 0x000000070dc00000| Untracked 
| 111|0x000000070de00000, 0x000000070e000000, 0x000000070e000000|100%| O|  |TAMS 0x000000070de00000| PB 0x000000070de00000| Untracked 
| 112|0x000000070e000000, 0x000000070e200000, 0x000000070e200000|100%| O|  |TAMS 0x000000070e000000| PB 0x000000070e000000| Untracked 
| 113|0x000000070e200000, 0x000000070e400000, 0x000000070e400000|100%| O|  |TAMS 0x000000070e200000| PB 0x000000070e200000| Untracked 
| 114|0x000000070e400000, 0x000000070e600000, 0x000000070e600000|100%| O|  |TAMS 0x000000070e400000| PB 0x000000070e400000| Untracked 
| 115|0x000000070e600000, 0x000000070e800000, 0x000000070e800000|100%| O|  |TAMS 0x000000070e600000| PB 0x000000070e600000| Untracked 
| 116|0x000000070e800000, 0x000000070ea00000, 0x000000070ea00000|100%| O|  |TAMS 0x000000070e800000| PB 0x000000070e800000| Untracked 
| 117|0x000000070ea00000, 0x000000070ec00000, 0x000000070ec00000|100%| O|  |TAMS 0x000000070ea00000| PB 0x000000070ea00000| Untracked 
| 118|0x000000070ec00000, 0x000000070ee00000, 0x000000070ee00000|100%| O|  |TAMS 0x000000070ec00000| PB 0x000000070ec00000| Untracked 
| 119|0x000000070ee00000, 0x000000070f000000, 0x000000070f000000|100%| O|  |TAMS 0x000000070ee00000| PB 0x000000070ee00000| Untracked 
| 120|0x000000070f000000, 0x000000070f200000, 0x000000070f200000|100%| O|  |TAMS 0x000000070f000000| PB 0x000000070f000000| Untracked 
| 121|0x000000070f200000, 0x000000070f400000, 0x000000070f400000|100%| O|  |TAMS 0x000000070f200000| PB 0x000000070f200000| Untracked 
| 122|0x000000070f400000, 0x000000070f600000, 0x000000070f600000|100%| O|  |TAMS 0x000000070f400000| PB 0x000000070f400000| Untracked 
| 123|0x000000070f600000, 0x000000070f800000, 0x000000070f800000|100%| O|  |TAMS 0x000000070f600000| PB 0x000000070f600000| Untracked 
| 124|0x000000070f800000, 0x000000070fa00000, 0x000000070fa00000|100%| O|  |TAMS 0x000000070f800000| PB 0x000000070f800000| Untracked 
| 125|0x000000070fa00000, 0x000000070fc00000, 0x000000070fc00000|100%| O|  |TAMS 0x000000070fa00000| PB 0x000000070fa00000| Untracked 
| 126|0x000000070fc00000, 0x000000070fe00000, 0x000000070fe00000|100%| O|  |TAMS 0x000000070fc00000| PB 0x000000070fc00000| Untracked 
| 127|0x000000070fe00000, 0x0000000710000000, 0x0000000710000000|100%| O|  |TAMS 0x000000070fe00000| PB 0x000000070fe00000| Untracked 
| 128|0x0000000710000000, 0x0000000710200000, 0x0000000710200000|100%| O|  |TAMS 0x0000000710000000| PB 0x0000000710000000| Untracked 
| 129|0x0000000710200000, 0x0000000710400000, 0x0000000710400000|100%| O|  |TAMS 0x0000000710200000| PB 0x0000000710200000| Untracked 
| 130|0x0000000710400000, 0x0000000710600000, 0x0000000710600000|100%| O|  |TAMS 0x0000000710400000| PB 0x0000000710400000| Untracked 
| 131|0x0000000710600000, 0x0000000710800000, 0x0000000710800000|100%| O|  |TAMS 0x0000000710600000| PB 0x0000000710600000| Untracked 
| 132|0x0000000710800000, 0x0000000710a00000, 0x0000000710a00000|100%| O|  |TAMS 0x0000000710800000| PB 0x0000000710800000| Untracked 
| 133|0x0000000710a00000, 0x0000000710c00000, 0x0000000710c00000|100%| O|  |TAMS 0x0000000710a00000| PB 0x0000000710a00000| Untracked 
| 134|0x0000000710c00000, 0x0000000710e00000, 0x0000000710e00000|100%| O|  |TAMS 0x0000000710c00000| PB 0x0000000710c00000| Untracked 
| 135|0x0000000710e00000, 0x0000000711000000, 0x0000000711000000|100%| O|  |TAMS 0x0000000710e00000| PB 0x0000000710e00000| Untracked 
| 136|0x0000000711000000, 0x0000000711200000, 0x0000000711200000|100%| O|  |TAMS 0x0000000711000000| PB 0x0000000711000000| Untracked 
| 137|0x0000000711200000, 0x0000000711400000, 0x0000000711400000|100%| O|  |TAMS 0x0000000711200000| PB 0x0000000711200000| Untracked 
| 138|0x0000000711400000, 0x0000000711600000, 0x0000000711600000|100%| O|  |TAMS 0x0000000711400000| PB 0x0000000711400000| Untracked 
| 139|0x0000000711600000, 0x0000000711800000, 0x0000000711800000|100%| O|  |TAMS 0x0000000711600000| PB 0x0000000711600000| Untracked 
| 140|0x0000000711800000, 0x0000000711a00000, 0x0000000711a00000|100%| O|  |TAMS 0x0000000711800000| PB 0x0000000711800000| Untracked 
| 141|0x0000000711a00000, 0x0000000711c00000, 0x0000000711c00000|100%| O|  |TAMS 0x0000000711a00000| PB 0x0000000711a00000| Untracked 
| 142|0x0000000711c00000, 0x0000000711e00000, 0x0000000711e00000|100%| O|  |TAMS 0x0000000711c00000| PB 0x0000000711c00000| Untracked 
| 143|0x0000000711e00000, 0x0000000712000000, 0x0000000712000000|100%| O|  |TAMS 0x0000000711e00000| PB 0x0000000711e00000| Untracked 
| 144|0x0000000712000000, 0x0000000712200000, 0x0000000712200000|100%| O|  |TAMS 0x0000000712000000| PB 0x0000000712000000| Untracked 
| 145|0x0000000712200000, 0x0000000712400000, 0x0000000712400000|100%| O|  |TAMS 0x0000000712200000| PB 0x0000000712200000| Untracked 
| 146|0x0000000712400000, 0x0000000712600000, 0x0000000712600000|100%| O|  |TAMS 0x0000000712400000| PB 0x0000000712400000| Untracked 
| 147|0x0000000712600000, 0x0000000712800000, 0x0000000712800000|100%| O|  |TAMS 0x0000000712600000| PB 0x0000000712600000| Untracked 
| 148|0x0000000712800000, 0x0000000712a00000, 0x0000000712a00000|100%| O|  |TAMS 0x0000000712800000| PB 0x0000000712800000| Untracked 
| 149|0x0000000712a00000, 0x0000000712c00000, 0x0000000712c00000|100%| O|  |TAMS 0x0000000712a00000| PB 0x0000000712a00000| Untracked 
| 150|0x0000000712c00000, 0x0000000712e00000, 0x0000000712e00000|100%| O|  |TAMS 0x0000000712c00000| PB 0x0000000712c00000| Untracked 
| 151|0x0000000712e00000, 0x0000000713000000, 0x0000000713000000|100%| O|  |TAMS 0x0000000712e00000| PB 0x0000000712e00000| Untracked 
| 152|0x0000000713000000, 0x0000000713200000, 0x0000000713200000|100%| O|  |TAMS 0x0000000713000000| PB 0x0000000713000000| Untracked 
| 153|0x0000000713200000, 0x0000000713400000, 0x0000000713400000|100%| O|  |TAMS 0x0000000713200000| PB 0x0000000713200000| Untracked 
| 154|0x0000000713400000, 0x0000000713600000, 0x0000000713600000|100%| O|  |TAMS 0x0000000713400000| PB 0x0000000713400000| Untracked 
| 155|0x0000000713600000, 0x0000000713800000, 0x0000000713800000|100%| O|  |TAMS 0x0000000713600000| PB 0x0000000713600000| Untracked 
| 156|0x0000000713800000, 0x0000000713a00000, 0x0000000713a00000|100%| O|  |TAMS 0x0000000713800000| PB 0x0000000713800000| Untracked 
| 157|0x0000000713a00000, 0x0000000713c00000, 0x0000000713c00000|100%| O|  |TAMS 0x0000000713a00000| PB 0x0000000713a00000| Untracked 
| 158|0x0000000713c00000, 0x0000000713e00000, 0x0000000713e00000|100%| O|  |TAMS 0x0000000713c00000| PB 0x0000000713c00000| Untracked 
| 159|0x0000000713e00000, 0x0000000714000000, 0x0000000714000000|100%| O|  |TAMS 0x0000000713e00000| PB 0x0000000713e00000| Untracked 
| 160|0x0000000714000000, 0x0000000714200000, 0x0000000714200000|100%| O|  |TAMS 0x0000000714000000| PB 0x0000000714000000| Untracked 
| 161|0x0000000714200000, 0x0000000714400000, 0x0000000714400000|100%| O|  |TAMS 0x0000000714200000| PB 0x0000000714200000| Untracked 
| 162|0x0000000714400000, 0x0000000714600000, 0x0000000714600000|100%| O|  |TAMS 0x0000000714400000| PB 0x0000000714400000| Untracked 
| 163|0x0000000714600000, 0x0000000714800000, 0x0000000714800000|100%| O|  |TAMS 0x0000000714600000| PB 0x0000000714600000| Untracked 
| 164|0x0000000714800000, 0x0000000714a00000, 0x0000000714a00000|100%| O|  |TAMS 0x0000000714800000| PB 0x0000000714800000| Untracked 
| 165|0x0000000714a00000, 0x0000000714c00000, 0x0000000714c00000|100%| O|  |TAMS 0x0000000714a00000| PB 0x0000000714a00000| Untracked 
| 166|0x0000000714c00000, 0x0000000714e00000, 0x0000000714e00000|100%| O|Cm|TAMS 0x0000000714c00000| PB 0x0000000714c00000| Complete 
| 167|0x0000000714e00000, 0x0000000715000000, 0x0000000715000000|100%| O|  |TAMS 0x0000000714e00000| PB 0x0000000714e00000| Untracked 
| 168|0x0000000715000000, 0x0000000715200000, 0x0000000715200000|100%| O|  |TAMS 0x0000000715000000| PB 0x0000000715000000| Untracked 
| 169|0x0000000715200000, 0x0000000715400000, 0x0000000715400000|100%| O|  |TAMS 0x0000000715200000| PB 0x0000000715200000| Untracked 
| 170|0x0000000715400000, 0x0000000715600000, 0x0000000715600000|100%| O|  |TAMS 0x0000000715400000| PB 0x0000000715400000| Untracked 
| 171|0x0000000715600000, 0x0000000715800000, 0x0000000715800000|100%| O|  |TAMS 0x0000000715600000| PB 0x0000000715600000| Untracked 
| 172|0x0000000715800000, 0x0000000715a00000, 0x0000000715a00000|100%| O|  |TAMS 0x0000000715800000| PB 0x0000000715800000| Untracked 
| 173|0x0000000715a00000, 0x0000000715c00000, 0x0000000715c00000|100%| O|  |TAMS 0x0000000715a00000| PB 0x0000000715a00000| Untracked 
| 174|0x0000000715c00000, 0x0000000715e00000, 0x0000000715e00000|100%| O|  |TAMS 0x0000000715c00000| PB 0x0000000715c00000| Untracked 
| 175|0x0000000715e00000, 0x0000000716000000, 0x0000000716000000|100%| O|  |TAMS 0x0000000715e00000| PB 0x0000000715e00000| Untracked 
| 176|0x0000000716000000, 0x0000000716200000, 0x0000000716200000|100%| O|  |TAMS 0x0000000716000000| PB 0x0000000716000000| Untracked 
| 177|0x0000000716200000, 0x0000000716400000, 0x0000000716400000|100%| O|  |TAMS 0x0000000716200000| PB 0x0000000716200000| Untracked 
| 178|0x0000000716400000, 0x0000000716600000, 0x0000000716600000|100%| O|  |TAMS 0x0000000716400000| PB 0x0000000716400000| Untracked 
| 179|0x0000000716600000, 0x0000000716800000, 0x0000000716800000|100%| O|  |TAMS 0x0000000716600000| PB 0x0000000716600000| Untracked 
| 180|0x0000000716800000, 0x0000000716a00000, 0x0000000716a00000|100%| O|  |TAMS 0x0000000716800000| PB 0x0000000716800000| Untracked 
| 181|0x0000000716a00000, 0x0000000716c00000, 0x0000000716c00000|100%| O|  |TAMS 0x0000000716a00000| PB 0x0000000716a00000| Untracked 
| 182|0x0000000716c00000, 0x0000000716e00000, 0x0000000716e00000|100%| O|  |TAMS 0x0000000716c00000| PB 0x0000000716c00000| Untracked 
| 183|0x0000000716e00000, 0x0000000717000000, 0x0000000717000000|100%| O|  |TAMS 0x0000000716e00000| PB 0x0000000716e00000| Untracked 
| 184|0x0000000717000000, 0x0000000717200000, 0x0000000717200000|100%| O|  |TAMS 0x0000000717000000| PB 0x0000000717000000| Untracked 
| 185|0x0000000717200000, 0x0000000717400000, 0x0000000717400000|100%| O|  |TAMS 0x0000000717200000| PB 0x0000000717200000| Untracked 
| 186|0x0000000717400000, 0x0000000717600000, 0x0000000717600000|100%| O|  |TAMS 0x0000000717400000| PB 0x0000000717400000| Untracked 
| 187|0x0000000717600000, 0x0000000717800000, 0x0000000717800000|100%| O|  |TAMS 0x0000000717600000| PB 0x0000000717600000| Untracked 
| 188|0x0000000717800000, 0x0000000717a00000, 0x0000000717a00000|100%| O|  |TAMS 0x0000000717800000| PB 0x0000000717800000| Untracked 
| 189|0x0000000717a00000, 0x0000000717c00000, 0x0000000717c00000|100%| O|  |TAMS 0x0000000717a00000| PB 0x0000000717a00000| Untracked 
| 190|0x0000000717c00000, 0x0000000717e00000, 0x0000000717e00000|100%| O|  |TAMS 0x0000000717c00000| PB 0x0000000717c00000| Untracked 
| 191|0x0000000717e00000, 0x0000000718000000, 0x0000000718000000|100%| O|  |TAMS 0x0000000717e00000| PB 0x0000000717e00000| Untracked 
| 192|0x0000000718000000, 0x0000000718200000, 0x0000000718200000|100%| O|  |TAMS 0x0000000718000000| PB 0x0000000718000000| Untracked 
| 193|0x0000000718200000, 0x0000000718400000, 0x0000000718400000|100%| O|  |TAMS 0x0000000718200000| PB 0x0000000718200000| Untracked 
| 194|0x0000000718400000, 0x0000000718600000, 0x0000000718600000|100%| O|  |TAMS 0x0000000718400000| PB 0x0000000718400000| Untracked 
| 195|0x0000000718600000, 0x0000000718800000, 0x0000000718800000|100%| O|  |TAMS 0x0000000718600000| PB 0x0000000718600000| Untracked 
| 196|0x0000000718800000, 0x0000000718a00000, 0x0000000718a00000|100%| O|  |TAMS 0x0000000718800000| PB 0x0000000718800000| Untracked 
| 197|0x0000000718a00000, 0x0000000718c00000, 0x0000000718c00000|100%| O|  |TAMS 0x0000000718a00000| PB 0x0000000718a00000| Untracked 
| 198|0x0000000718c00000, 0x0000000718e00000, 0x0000000718e00000|100%| O|  |TAMS 0x0000000718c00000| PB 0x0000000718c00000| Untracked 
| 199|0x0000000718e00000, 0x0000000719000000, 0x0000000719000000|100%| O|  |TAMS 0x0000000718e00000| PB 0x0000000718e00000| Untracked 
| 200|0x0000000719000000, 0x0000000719200000, 0x0000000719200000|100%| O|  |TAMS 0x0000000719000000| PB 0x0000000719000000| Untracked 
| 201|0x0000000719200000, 0x0000000719400000, 0x0000000719400000|100%| O|  |TAMS 0x0000000719200000| PB 0x0000000719200000| Untracked 
| 202|0x0000000719400000, 0x0000000719600000, 0x0000000719600000|100%| O|  |TAMS 0x0000000719400000| PB 0x0000000719400000| Untracked 
| 203|0x0000000719600000, 0x0000000719800000, 0x0000000719800000|100%| O|  |TAMS 0x0000000719600000| PB 0x0000000719600000| Untracked 
| 204|0x0000000719800000, 0x0000000719a00000, 0x0000000719a00000|100%| O|  |TAMS 0x0000000719800000| PB 0x0000000719800000| Untracked 
| 205|0x0000000719a00000, 0x0000000719c00000, 0x0000000719c00000|100%| O|Cm|TAMS 0x0000000719a00000| PB 0x0000000719a00000| Complete 
| 206|0x0000000719c00000, 0x0000000719e00000, 0x0000000719e00000|100%| O|  |TAMS 0x0000000719c00000| PB 0x0000000719c00000| Untracked 
| 207|0x0000000719e00000, 0x000000071a000000, 0x000000071a000000|100%| O|  |TAMS 0x0000000719e00000| PB 0x0000000719e00000| Untracked 
| 208|0x000000071a000000, 0x000000071a200000, 0x000000071a200000|100%| O|  |TAMS 0x000000071a000000| PB 0x000000071a000000| Untracked 
| 209|0x000000071a200000, 0x000000071a400000, 0x000000071a400000|100%| O|  |TAMS 0x000000071a200000| PB 0x000000071a200000| Untracked 
| 210|0x000000071a400000, 0x000000071a600000, 0x000000071a600000|100%| O|  |TAMS 0x000000071a400000| PB 0x000000071a400000| Untracked 
| 211|0x000000071a600000, 0x000000071a800000, 0x000000071a800000|100%| O|  |TAMS 0x000000071a600000| PB 0x000000071a600000| Untracked 
| 212|0x000000071a800000, 0x000000071aa00000, 0x000000071aa00000|100%| O|  |TAMS 0x000000071a800000| PB 0x000000071a800000| Untracked 
| 213|0x000000071aa00000, 0x000000071ac00000, 0x000000071ac00000|100%| O|  |TAMS 0x000000071aa00000| PB 0x000000071aa00000| Untracked 
| 214|0x000000071ac00000, 0x000000071ae00000, 0x000000071ae00000|100%| O|Cm|TAMS 0x000000071ac00000| PB 0x000000071ac00000| Complete 
| 215|0x000000071ae00000, 0x000000071b000000, 0x000000071b000000|100%| O|  |TAMS 0x000000071ae00000| PB 0x000000071ae00000| Untracked 
| 216|0x000000071b000000, 0x000000071b200000, 0x000000071b200000|100%| O|  |TAMS 0x000000071b000000| PB 0x000000071b000000| Untracked 
| 217|0x000000071b200000, 0x000000071b400000, 0x000000071b400000|100%| O|  |TAMS 0x000000071b200000| PB 0x000000071b200000| Untracked 
| 218|0x000000071b400000, 0x000000071b600000, 0x000000071b600000|100%| O|  |TAMS 0x000000071b400000| PB 0x000000071b400000| Untracked 
| 219|0x000000071b600000, 0x000000071b800000, 0x000000071b800000|100%| O|  |TAMS 0x000000071b600000| PB 0x000000071b600000| Untracked 
| 220|0x000000071b800000, 0x000000071ba00000, 0x000000071ba00000|100%| O|  |TAMS 0x000000071b800000| PB 0x000000071b800000| Untracked 
| 221|0x000000071ba00000, 0x000000071bc00000, 0x000000071bc00000|100%| O|  |TAMS 0x000000071ba00000| PB 0x000000071ba00000| Untracked 
| 222|0x000000071bc00000, 0x000000071be00000, 0x000000071be00000|100%| O|  |TAMS 0x000000071bc00000| PB 0x000000071bc00000| Untracked 
| 223|0x000000071be00000, 0x000000071c000000, 0x000000071c000000|100%| O|  |TAMS 0x000000071be00000| PB 0x000000071be00000| Untracked 
| 224|0x000000071c000000, 0x000000071c200000, 0x000000071c200000|100%| O|  |TAMS 0x000000071c000000| PB 0x000000071c000000| Untracked 
| 225|0x000000071c200000, 0x000000071c400000, 0x000000071c400000|100%| O|  |TAMS 0x000000071c200000| PB 0x000000071c200000| Untracked 
| 226|0x000000071c400000, 0x000000071c600000, 0x000000071c600000|100%| O|  |TAMS 0x000000071c400000| PB 0x000000071c400000| Untracked 
| 227|0x000000071c600000, 0x000000071c800000, 0x000000071c800000|100%| O|  |TAMS 0x000000071c600000| PB 0x000000071c600000| Untracked 
| 228|0x000000071c800000, 0x000000071ca00000, 0x000000071ca00000|100%| O|  |TAMS 0x000000071c800000| PB 0x000000071c800000| Untracked 
| 229|0x000000071ca00000, 0x000000071cc00000, 0x000000071cc00000|100%| O|  |TAMS 0x000000071ca00000| PB 0x000000071ca00000| Untracked 
| 230|0x000000071cc00000, 0x000000071ce00000, 0x000000071ce00000|100%| O|Cm|TAMS 0x000000071cc00000| PB 0x000000071cc00000| Complete 
| 231|0x000000071ce00000, 0x000000071d000000, 0x000000071d000000|100%| O|Cm|TAMS 0x000000071ce00000| PB 0x000000071ce00000| Complete 
| 232|0x000000071d000000, 0x000000071d200000, 0x000000071d200000|100%| O|  |TAMS 0x000000071d000000| PB 0x000000071d000000| Untracked 
| 233|0x000000071d200000, 0x000000071d400000, 0x000000071d400000|100%| O|Cm|TAMS 0x000000071d200000| PB 0x000000071d200000| Complete 
| 234|0x000000071d400000, 0x000000071d600000, 0x000000071d600000|100%| O|Cm|TAMS 0x000000071d400000| PB 0x000000071d400000| Complete 
| 235|0x000000071d600000, 0x000000071d800000, 0x000000071d800000|100%| O|  |TAMS 0x000000071d600000| PB 0x000000071d600000| Untracked 
| 236|0x000000071d800000, 0x000000071da00000, 0x000000071da00000|100%| O|  |TAMS 0x000000071d800000| PB 0x000000071d800000| Untracked 
| 237|0x000000071da00000, 0x000000071dc00000, 0x000000071dc00000|100%| O|  |TAMS 0x000000071da00000| PB 0x000000071da00000| Untracked 
| 238|0x000000071dc00000, 0x000000071de00000, 0x000000071de00000|100%| O|  |TAMS 0x000000071dc00000| PB 0x000000071dc00000| Untracked 
| 239|0x000000071de00000, 0x000000071e000000, 0x000000071e000000|100%| O|  |TAMS 0x000000071de00000| PB 0x000000071de00000| Untracked 
| 240|0x000000071e000000, 0x000000071e200000, 0x000000071e200000|100%| O|  |TAMS 0x000000071e000000| PB 0x000000071e000000| Untracked 
| 241|0x000000071e200000, 0x000000071e400000, 0x000000071e400000|100%| O|  |TAMS 0x000000071e200000| PB 0x000000071e200000| Untracked 
| 242|0x000000071e400000, 0x000000071e600000, 0x000000071e600000|100%| O|  |TAMS 0x000000071e400000| PB 0x000000071e400000| Untracked 
| 243|0x000000071e600000, 0x000000071e800000, 0x000000071e800000|100%| O|  |TAMS 0x000000071e600000| PB 0x000000071e600000| Untracked 
| 244|0x000000071e800000, 0x000000071ea00000, 0x000000071ea00000|100%| O|Cm|TAMS 0x000000071e800000| PB 0x000000071e800000| Complete 
| 245|0x000000071ea00000, 0x000000071ec00000, 0x000000071ec00000|100%| O|  |TAMS 0x000000071ea00000| PB 0x000000071ea00000| Untracked 
| 246|0x000000071ec00000, 0x000000071ee00000, 0x000000071ee00000|100%| O|  |TAMS 0x000000071ec00000| PB 0x000000071ec00000| Untracked 
| 247|0x000000071ee00000, 0x000000071f000000, 0x000000071f000000|100%| O|  |TAMS 0x000000071ee00000| PB 0x000000071ee00000| Untracked 
| 248|0x000000071f000000, 0x000000071f200000, 0x000000071f200000|100%| O|  |TAMS 0x000000071f000000| PB 0x000000071f000000| Untracked 
| 249|0x000000071f200000, 0x000000071f400000, 0x000000071f400000|100%| O|  |TAMS 0x000000071f200000| PB 0x000000071f200000| Untracked 
| 250|0x000000071f400000, 0x000000071f600000, 0x000000071f600000|100%| O|  |TAMS 0x000000071f400000| PB 0x000000071f400000| Untracked 
| 251|0x000000071f600000, 0x000000071f800000, 0x000000071f800000|100%| O|  |TAMS 0x000000071f600000| PB 0x000000071f600000| Untracked 
| 252|0x000000071f800000, 0x000000071fa00000, 0x000000071fa00000|100%| O|  |TAMS 0x000000071f800000| PB 0x000000071f800000| Untracked 
| 253|0x000000071fa00000, 0x000000071fa00000, 0x000000071fc00000|  0%| F|  |TAMS 0x000000071fa00000| PB 0x000000071fa00000| Untracked 
| 254|0x000000071fc00000, 0x000000071fc00000, 0x000000071fe00000|  0%| F|  |TAMS 0x000000071fc00000| PB 0x000000071fc00000| Untracked 
| 255|0x000000071fe00000, 0x000000071fe00000, 0x0000000720000000|  0%| F|  |TAMS 0x000000071fe00000| PB 0x000000071fe00000| Untracked 
| 256|0x0000000720000000, 0x0000000720000000, 0x0000000720200000|  0%| F|  |TAMS 0x0000000720000000| PB 0x0000000720000000| Untracked 
| 257|0x0000000720200000, 0x0000000720200000, 0x0000000720400000|  0%| F|  |TAMS 0x0000000720200000| PB 0x0000000720200000| Untracked 
| 258|0x0000000720400000, 0x0000000720400000, 0x0000000720600000|  0%| F|  |TAMS 0x0000000720400000| PB 0x0000000720400000| Untracked 
| 259|0x0000000720600000, 0x0000000720600000, 0x0000000720800000|  0%| F|  |TAMS 0x0000000720600000| PB 0x0000000720600000| Untracked 
| 260|0x0000000720800000, 0x0000000720800000, 0x0000000720a00000|  0%| F|  |TAMS 0x0000000720800000| PB 0x0000000720800000| Untracked 
| 261|0x0000000720a00000, 0x0000000720a00000, 0x0000000720c00000|  0%| F|  |TAMS 0x0000000720a00000| PB 0x0000000720a00000| Untracked 
| 262|0x0000000720c00000, 0x0000000720c00000, 0x0000000720e00000|  0%| F|  |TAMS 0x0000000720c00000| PB 0x0000000720c00000| Untracked 
| 263|0x0000000720e00000, 0x0000000720e00000, 0x0000000721000000|  0%| F|  |TAMS 0x0000000720e00000| PB 0x0000000720e00000| Untracked 
| 264|0x0000000721000000, 0x0000000721000000, 0x0000000721200000|  0%| F|  |TAMS 0x0000000721000000| PB 0x0000000721000000| Untracked 
| 265|0x0000000721200000, 0x0000000721200000, 0x0000000721400000|  0%| F|  |TAMS 0x0000000721200000| PB 0x0000000721200000| Untracked 
| 266|0x0000000721400000, 0x0000000721400000, 0x0000000721600000|  0%| F|  |TAMS 0x0000000721400000| PB 0x0000000721400000| Untracked 
| 267|0x0000000721600000, 0x0000000721600000, 0x0000000721800000|  0%| F|  |TAMS 0x0000000721600000| PB 0x0000000721600000| Untracked 
| 268|0x0000000721800000, 0x0000000721800000, 0x0000000721a00000|  0%| F|  |TAMS 0x0000000721800000| PB 0x0000000721800000| Untracked 
| 269|0x0000000721a00000, 0x0000000721a00000, 0x0000000721c00000|  0%| F|  |TAMS 0x0000000721a00000| PB 0x0000000721a00000| Untracked 
| 270|0x0000000721c00000, 0x0000000721c00000, 0x0000000721e00000|  0%| F|  |TAMS 0x0000000721c00000| PB 0x0000000721c00000| Untracked 
| 271|0x0000000721e00000, 0x0000000722000000, 0x0000000722000000|100%| O|  |TAMS 0x0000000721e00000| PB 0x0000000721e00000| Untracked 
| 272|0x0000000722000000, 0x0000000722200000, 0x0000000722200000|100%| O|  |TAMS 0x0000000722000000| PB 0x0000000722000000| Untracked 
| 273|0x0000000722200000, 0x0000000722400000, 0x0000000722400000|100%| O|  |TAMS 0x0000000722200000| PB 0x0000000722200000| Untracked 
| 274|0x0000000722400000, 0x0000000722400000, 0x0000000722600000|  0%| F|  |TAMS 0x0000000722400000| PB 0x0000000722400000| Untracked 
| 275|0x0000000722600000, 0x0000000722600000, 0x0000000722800000|  0%| F|  |TAMS 0x0000000722600000| PB 0x0000000722600000| Untracked 
| 276|0x0000000722800000, 0x0000000722800000, 0x0000000722a00000|  0%| F|  |TAMS 0x0000000722800000| PB 0x0000000722800000| Untracked 
| 277|0x0000000722a00000, 0x0000000722a00000, 0x0000000722c00000|  0%| F|  |TAMS 0x0000000722a00000| PB 0x0000000722a00000| Untracked 
| 278|0x0000000722c00000, 0x0000000722c00000, 0x0000000722e00000|  0%| F|  |TAMS 0x0000000722c00000| PB 0x0000000722c00000| Untracked 
| 279|0x0000000722e00000, 0x0000000722e00000, 0x0000000723000000|  0%| F|  |TAMS 0x0000000722e00000| PB 0x0000000722e00000| Untracked 
| 280|0x0000000723000000, 0x0000000723000000, 0x0000000723200000|  0%| F|  |TAMS 0x0000000723000000| PB 0x0000000723000000| Untracked 
| 281|0x0000000723200000, 0x0000000723200000, 0x0000000723400000|  0%| F|  |TAMS 0x0000000723200000| PB 0x0000000723200000| Untracked 
| 282|0x0000000723400000, 0x0000000723400000, 0x0000000723600000|  0%| F|  |TAMS 0x0000000723400000| PB 0x0000000723400000| Untracked 
| 283|0x0000000723600000, 0x0000000723600000, 0x0000000723800000|  0%| F|  |TAMS 0x0000000723600000| PB 0x0000000723600000| Untracked 
| 284|0x0000000723800000, 0x0000000723800000, 0x0000000723a00000|  0%| F|  |TAMS 0x0000000723800000| PB 0x0000000723800000| Untracked 
| 285|0x0000000723a00000, 0x0000000723a00000, 0x0000000723c00000|  0%| F|  |TAMS 0x0000000723a00000| PB 0x0000000723a00000| Untracked 
| 286|0x0000000723c00000, 0x0000000723c00000, 0x0000000723e00000|  0%| F|  |TAMS 0x0000000723c00000| PB 0x0000000723c00000| Untracked 
| 287|0x0000000723e00000, 0x0000000723e00000, 0x0000000724000000|  0%| F|  |TAMS 0x0000000723e00000| PB 0x0000000723e00000| Untracked 
| 288|0x0000000724000000, 0x0000000724000000, 0x0000000724200000|  0%| F|  |TAMS 0x0000000724000000| PB 0x0000000724000000| Untracked 
| 289|0x0000000724200000, 0x0000000724200000, 0x0000000724400000|  0%| F|  |TAMS 0x0000000724200000| PB 0x0000000724200000| Untracked 
| 290|0x0000000724400000, 0x0000000724400000, 0x0000000724600000|  0%| F|  |TAMS 0x0000000724400000| PB 0x0000000724400000| Untracked 
| 291|0x0000000724600000, 0x0000000724600000, 0x0000000724800000|  0%| F|  |TAMS 0x0000000724600000| PB 0x0000000724600000| Untracked 
| 292|0x0000000724800000, 0x0000000724800000, 0x0000000724a00000|  0%| F|  |TAMS 0x0000000724800000| PB 0x0000000724800000| Untracked 
| 293|0x0000000724a00000, 0x0000000724a00000, 0x0000000724c00000|  0%| F|  |TAMS 0x0000000724a00000| PB 0x0000000724a00000| Untracked 
| 294|0x0000000724c00000, 0x0000000724c00000, 0x0000000724e00000|  0%| F|  |TAMS 0x0000000724c00000| PB 0x0000000724c00000| Untracked 
| 295|0x0000000724e00000, 0x0000000724e00000, 0x0000000725000000|  0%| F|  |TAMS 0x0000000724e00000| PB 0x0000000724e00000| Untracked 
| 296|0x0000000725000000, 0x0000000725000000, 0x0000000725200000|  0%| F|  |TAMS 0x0000000725000000| PB 0x0000000725000000| Untracked 
| 297|0x0000000725200000, 0x0000000725200000, 0x0000000725400000|  0%| F|  |TAMS 0x0000000725200000| PB 0x0000000725200000| Untracked 
| 298|0x0000000725400000, 0x0000000725400000, 0x0000000725600000|  0%| F|  |TAMS 0x0000000725400000| PB 0x0000000725400000| Untracked 
| 299|0x0000000725600000, 0x0000000725600000, 0x0000000725800000|  0%| F|  |TAMS 0x0000000725600000| PB 0x0000000725600000| Untracked 
| 300|0x0000000725800000, 0x0000000725800000, 0x0000000725a00000|  0%| F|  |TAMS 0x0000000725800000| PB 0x0000000725800000| Untracked 
| 301|0x0000000725a00000, 0x0000000725a00000, 0x0000000725c00000|  0%| F|  |TAMS 0x0000000725a00000| PB 0x0000000725a00000| Untracked 
| 302|0x0000000725c00000, 0x0000000725c00000, 0x0000000725e00000|  0%| F|  |TAMS 0x0000000725c00000| PB 0x0000000725c00000| Untracked 
| 303|0x0000000725e00000, 0x0000000725e00000, 0x0000000726000000|  0%| F|  |TAMS 0x0000000725e00000| PB 0x0000000725e00000| Untracked 
| 304|0x0000000726000000, 0x0000000726000000, 0x0000000726200000|  0%| F|  |TAMS 0x0000000726000000| PB 0x0000000726000000| Untracked 
| 305|0x0000000726200000, 0x0000000726200000, 0x0000000726400000|  0%| F|  |TAMS 0x0000000726200000| PB 0x0000000726200000| Untracked 
| 306|0x0000000726400000, 0x0000000726400000, 0x0000000726600000|  0%| F|  |TAMS 0x0000000726400000| PB 0x0000000726400000| Untracked 
| 307|0x0000000726600000, 0x0000000726600000, 0x0000000726800000|  0%| F|  |TAMS 0x0000000726600000| PB 0x0000000726600000| Untracked 
| 308|0x0000000726800000, 0x0000000726800000, 0x0000000726a00000|  0%| F|  |TAMS 0x0000000726800000| PB 0x0000000726800000| Untracked 
| 309|0x0000000726a00000, 0x0000000726a00000, 0x0000000726c00000|  0%| F|  |TAMS 0x0000000726a00000| PB 0x0000000726a00000| Untracked 
| 310|0x0000000726c00000, 0x0000000726c00000, 0x0000000726e00000|  0%| F|  |TAMS 0x0000000726c00000| PB 0x0000000726c00000| Untracked 
| 311|0x0000000726e00000, 0x0000000726e00000, 0x0000000727000000|  0%| F|  |TAMS 0x0000000726e00000| PB 0x0000000726e00000| Untracked 
| 312|0x0000000727000000, 0x0000000727000000, 0x0000000727200000|  0%| F|  |TAMS 0x0000000727000000| PB 0x0000000727000000| Untracked 
| 313|0x0000000727200000, 0x0000000727200000, 0x0000000727400000|  0%| F|  |TAMS 0x0000000727200000| PB 0x0000000727200000| Untracked 
| 314|0x0000000727400000, 0x0000000727400000, 0x0000000727600000|  0%| F|  |TAMS 0x0000000727400000| PB 0x0000000727400000| Untracked 
| 315|0x0000000727600000, 0x0000000727600000, 0x0000000727800000|  0%| F|  |TAMS 0x0000000727600000| PB 0x0000000727600000| Untracked 
| 316|0x0000000727800000, 0x0000000727800000, 0x0000000727a00000|  0%| F|  |TAMS 0x0000000727800000| PB 0x0000000727800000| Untracked 
| 317|0x0000000727a00000, 0x0000000727a00000, 0x0000000727c00000|  0%| F|  |TAMS 0x0000000727a00000| PB 0x0000000727a00000| Untracked 
| 318|0x0000000727c00000, 0x0000000727d85400, 0x0000000727e00000| 76%| S|CS|TAMS 0x0000000727c00000| PB 0x0000000727c00000| Complete 
| 319|0x0000000727e00000, 0x0000000728000000, 0x0000000728000000|100%| S|CS|TAMS 0x0000000727e00000| PB 0x0000000727e00000| Complete 
| 320|0x0000000728000000, 0x0000000728200000, 0x0000000728200000|100%| S|CS|TAMS 0x0000000728000000| PB 0x0000000728000000| Complete 
| 321|0x0000000728200000, 0x0000000728400000, 0x0000000728400000|100%| S|CS|TAMS 0x0000000728200000| PB 0x0000000728200000| Complete 
| 322|0x0000000728400000, 0x0000000728600000, 0x0000000728600000|100%| S|CS|TAMS 0x0000000728400000| PB 0x0000000728400000| Complete 
| 323|0x0000000728600000, 0x0000000728800000, 0x0000000728800000|100%| S|CS|TAMS 0x0000000728600000| PB 0x0000000728600000| Complete 
| 324|0x0000000728800000, 0x0000000728a00000, 0x0000000728a00000|100%| S|CS|TAMS 0x0000000728800000| PB 0x0000000728800000| Complete 
| 325|0x0000000728a00000, 0x0000000728c00000, 0x0000000728c00000|100%| S|CS|TAMS 0x0000000728a00000| PB 0x0000000728a00000| Complete 
| 326|0x0000000728c00000, 0x0000000728e00000, 0x0000000728e00000|100%| S|CS|TAMS 0x0000000728c00000| PB 0x0000000728c00000| Complete 
| 327|0x0000000728e00000, 0x0000000729000000, 0x0000000729000000|100%| S|CS|TAMS 0x0000000728e00000| PB 0x0000000728e00000| Complete 
| 328|0x0000000729000000, 0x0000000729200000, 0x0000000729200000|100%| S|CS|TAMS 0x0000000729000000| PB 0x0000000729000000| Complete 
| 329|0x0000000729200000, 0x0000000729400000, 0x0000000729400000|100%| S|CS|TAMS 0x0000000729200000| PB 0x0000000729200000| Complete 
| 330|0x0000000729400000, 0x0000000729600000, 0x0000000729600000|100%| S|CS|TAMS 0x0000000729400000| PB 0x0000000729400000| Complete 
| 331|0x0000000729600000, 0x0000000729800000, 0x0000000729800000|100%| S|CS|TAMS 0x0000000729600000| PB 0x0000000729600000| Complete 
| 332|0x0000000729800000, 0x0000000729a00000, 0x0000000729a00000|100%| S|CS|TAMS 0x0000000729800000| PB 0x0000000729800000| Complete 
| 333|0x0000000729a00000, 0x0000000729a00000, 0x0000000729c00000|  0%| F|  |TAMS 0x0000000729a00000| PB 0x0000000729a00000| Untracked 
| 334|0x0000000729c00000, 0x0000000729c00000, 0x0000000729e00000|  0%| F|  |TAMS 0x0000000729c00000| PB 0x0000000729c00000| Untracked 
| 335|0x0000000729e00000, 0x0000000729e00000, 0x000000072a000000|  0%| F|  |TAMS 0x0000000729e00000| PB 0x0000000729e00000| Untracked 
| 336|0x000000072a000000, 0x000000072a000000, 0x000000072a200000|  0%| F|  |TAMS 0x000000072a000000| PB 0x000000072a000000| Untracked 
| 337|0x000000072a200000, 0x000000072a200000, 0x000000072a400000|  0%| F|  |TAMS 0x000000072a200000| PB 0x000000072a200000| Untracked 
| 338|0x000000072a400000, 0x000000072a400000, 0x000000072a600000|  0%| F|  |TAMS 0x000000072a400000| PB 0x000000072a400000| Untracked 
| 339|0x000000072a600000, 0x000000072a600000, 0x000000072a800000|  0%| F|  |TAMS 0x000000072a600000| PB 0x000000072a600000| Untracked 
| 340|0x000000072a800000, 0x000000072a800000, 0x000000072aa00000|  0%| F|  |TAMS 0x000000072a800000| PB 0x000000072a800000| Untracked 
| 341|0x000000072aa00000, 0x000000072aa00000, 0x000000072ac00000|  0%| F|  |TAMS 0x000000072aa00000| PB 0x000000072aa00000| Untracked 
| 342|0x000000072ac00000, 0x000000072ac00000, 0x000000072ae00000|  0%| F|  |TAMS 0x000000072ac00000| PB 0x000000072ac00000| Untracked 
| 343|0x000000072ae00000, 0x000000072ae00000, 0x000000072b000000|  0%| F|  |TAMS 0x000000072ae00000| PB 0x000000072ae00000| Untracked 
| 344|0x000000072b000000, 0x000000072b000000, 0x000000072b200000|  0%| F|  |TAMS 0x000000072b000000| PB 0x000000072b000000| Untracked 
| 345|0x000000072b200000, 0x000000072b200000, 0x000000072b400000|  0%| F|  |TAMS 0x000000072b200000| PB 0x000000072b200000| Untracked 
| 346|0x000000072b400000, 0x000000072b400000, 0x000000072b600000|  0%| F|  |TAMS 0x000000072b400000| PB 0x000000072b400000| Untracked 
| 347|0x000000072b600000, 0x000000072b600000, 0x000000072b800000|  0%| F|  |TAMS 0x000000072b600000| PB 0x000000072b600000| Untracked 
| 348|0x000000072b800000, 0x000000072b800000, 0x000000072ba00000|  0%| F|  |TAMS 0x000000072b800000| PB 0x000000072b800000| Untracked 
| 349|0x000000072ba00000, 0x000000072ba00000, 0x000000072bc00000|  0%| F|  |TAMS 0x000000072ba00000| PB 0x000000072ba00000| Untracked 
| 350|0x000000072bc00000, 0x000000072bc00000, 0x000000072be00000|  0%| F|  |TAMS 0x000000072bc00000| PB 0x000000072bc00000| Untracked 
| 351|0x000000072be00000, 0x000000072be00000, 0x000000072c000000|  0%| F|  |TAMS 0x000000072be00000| PB 0x000000072be00000| Untracked 
| 352|0x000000072c000000, 0x000000072c000000, 0x000000072c200000|  0%| F|  |TAMS 0x000000072c000000| PB 0x000000072c000000| Untracked 
| 353|0x000000072c200000, 0x000000072c200000, 0x000000072c400000|  0%| F|  |TAMS 0x000000072c200000| PB 0x000000072c200000| Untracked 
| 354|0x000000072c400000, 0x000000072c400000, 0x000000072c600000|  0%| F|  |TAMS 0x000000072c400000| PB 0x000000072c400000| Untracked 
| 355|0x000000072c600000, 0x000000072c600000, 0x000000072c800000|  0%| F|  |TAMS 0x000000072c600000| PB 0x000000072c600000| Untracked 
| 356|0x000000072c800000, 0x000000072c800000, 0x000000072ca00000|  0%| F|  |TAMS 0x000000072c800000| PB 0x000000072c800000| Untracked 
| 357|0x000000072ca00000, 0x000000072ca00000, 0x000000072cc00000|  0%| F|  |TAMS 0x000000072ca00000| PB 0x000000072ca00000| Untracked 
| 358|0x000000072cc00000, 0x000000072cc00000, 0x000000072ce00000|  0%| F|  |TAMS 0x000000072cc00000| PB 0x000000072cc00000| Untracked 
| 359|0x000000072ce00000, 0x000000072ce00000, 0x000000072d000000|  0%| F|  |TAMS 0x000000072ce00000| PB 0x000000072ce00000| Untracked 
| 360|0x000000072d000000, 0x000000072d000000, 0x000000072d200000|  0%| F|  |TAMS 0x000000072d000000| PB 0x000000072d000000| Untracked 
| 361|0x000000072d200000, 0x000000072d200000, 0x000000072d400000|  0%| F|  |TAMS 0x000000072d200000| PB 0x000000072d200000| Untracked 
| 362|0x000000072d400000, 0x000000072d4d17d8, 0x000000072d600000| 40%| E|  |TAMS 0x000000072d400000| PB 0x000000072d400000| Complete 
| 363|0x000000072d600000, 0x000000072d800000, 0x000000072d800000|100%| E|CS|TAMS 0x000000072d600000| PB 0x000000072d600000| Complete 
| 364|0x000000072d800000, 0x000000072da00000, 0x000000072da00000|100%| E|CS|TAMS 0x000000072d800000| PB 0x000000072d800000| Complete 
| 365|0x000000072da00000, 0x000000072dc00000, 0x000000072dc00000|100%| E|CS|TAMS 0x000000072da00000| PB 0x000000072da00000| Complete 
| 366|0x000000072dc00000, 0x000000072de00000, 0x000000072de00000|100%| E|CS|TAMS 0x000000072dc00000| PB 0x000000072dc00000| Complete 
| 367|0x000000072de00000, 0x000000072e000000, 0x000000072e000000|100%| E|CS|TAMS 0x000000072de00000| PB 0x000000072de00000| Complete 
| 368|0x000000072e000000, 0x000000072e200000, 0x000000072e200000|100%| E|CS|TAMS 0x000000072e000000| PB 0x000000072e000000| Complete 
| 369|0x000000072e200000, 0x000000072e400000, 0x000000072e400000|100%| E|CS|TAMS 0x000000072e200000| PB 0x000000072e200000| Complete 
| 370|0x000000072e400000, 0x000000072e600000, 0x000000072e600000|100%| E|CS|TAMS 0x000000072e400000| PB 0x000000072e400000| Complete 
| 371|0x000000072e600000, 0x000000072e800000, 0x000000072e800000|100%| E|CS|TAMS 0x000000072e600000| PB 0x000000072e600000| Complete 
| 372|0x000000072e800000, 0x000000072ea00000, 0x000000072ea00000|100%| E|CS|TAMS 0x000000072e800000| PB 0x000000072e800000| Complete 
| 373|0x000000072ea00000, 0x000000072ec00000, 0x000000072ec00000|100%| E|CS|TAMS 0x000000072ea00000| PB 0x000000072ea00000| Complete 
| 374|0x000000072ec00000, 0x000000072ee00000, 0x000000072ee00000|100%| E|CS|TAMS 0x000000072ec00000| PB 0x000000072ec00000| Complete 
| 375|0x000000072ee00000, 0x000000072f000000, 0x000000072f000000|100%| E|CS|TAMS 0x000000072ee00000| PB 0x000000072ee00000| Complete 
| 376|0x000000072f000000, 0x000000072f200000, 0x000000072f200000|100%| E|CS|TAMS 0x000000072f000000| PB 0x000000072f000000| Complete 
| 377|0x000000072f200000, 0x000000072f400000, 0x000000072f400000|100%| E|CS|TAMS 0x000000072f200000| PB 0x000000072f200000| Complete 
| 378|0x000000072f400000, 0x000000072f600000, 0x000000072f600000|100%| E|CS|TAMS 0x000000072f400000| PB 0x000000072f400000| Complete 
| 379|0x000000072f600000, 0x000000072f800000, 0x000000072f800000|100%| E|CS|TAMS 0x000000072f600000| PB 0x000000072f600000| Complete 
| 380|0x000000072f800000, 0x000000072fa00000, 0x000000072fa00000|100%| E|CS|TAMS 0x000000072f800000| PB 0x000000072f800000| Complete 
| 381|0x000000072fa00000, 0x000000072fc00000, 0x000000072fc00000|100%| E|CS|TAMS 0x000000072fa00000| PB 0x000000072fa00000| Complete 
| 382|0x000000072fc00000, 0x000000072fe00000, 0x000000072fe00000|100%| E|CS|TAMS 0x000000072fc00000| PB 0x000000072fc00000| Complete 
| 383|0x000000072fe00000, 0x0000000730000000, 0x0000000730000000|100%| E|CS|TAMS 0x000000072fe00000| PB 0x000000072fe00000| Complete 
| 384|0x0000000730000000, 0x0000000730200000, 0x0000000730200000|100%| E|CS|TAMS 0x0000000730000000| PB 0x0000000730000000| Complete 
| 385|0x0000000730200000, 0x0000000730400000, 0x0000000730400000|100%| E|CS|TAMS 0x0000000730200000| PB 0x0000000730200000| Complete 
| 386|0x0000000730400000, 0x0000000730600000, 0x0000000730600000|100%| E|CS|TAMS 0x0000000730400000| PB 0x0000000730400000| Complete 
| 387|0x0000000730600000, 0x0000000730800000, 0x0000000730800000|100%| E|CS|TAMS 0x0000000730600000| PB 0x0000000730600000| Complete 
| 388|0x0000000730800000, 0x0000000730a00000, 0x0000000730a00000|100%| E|  |TAMS 0x0000000730800000| PB 0x0000000730800000| Complete 
| 389|0x0000000730a00000, 0x0000000730c00000, 0x0000000730c00000|100%| E|CS|TAMS 0x0000000730a00000| PB 0x0000000730a00000| Complete 
| 390|0x0000000730c00000, 0x0000000730e00000, 0x0000000730e00000|100%| E|CS|TAMS 0x0000000730c00000| PB 0x0000000730c00000| Complete 
| 391|0x0000000730e00000, 0x0000000731000000, 0x0000000731000000|100%| E|CS|TAMS 0x0000000730e00000| PB 0x0000000730e00000| Complete 
| 392|0x0000000731000000, 0x0000000731200000, 0x0000000731200000|100%| E|CS|TAMS 0x0000000731000000| PB 0x0000000731000000| Complete 
| 393|0x0000000731200000, 0x0000000731400000, 0x0000000731400000|100%| E|CS|TAMS 0x0000000731200000| PB 0x0000000731200000| Complete 
| 394|0x0000000731400000, 0x0000000731600000, 0x0000000731600000|100%| E|CS|TAMS 0x0000000731400000| PB 0x0000000731400000| Complete 
| 395|0x0000000731600000, 0x0000000731800000, 0x0000000731800000|100%| E|CS|TAMS 0x0000000731600000| PB 0x0000000731600000| Complete 
| 396|0x0000000731800000, 0x0000000731a00000, 0x0000000731a00000|100%| E|CS|TAMS 0x0000000731800000| PB 0x0000000731800000| Complete 
| 397|0x0000000731a00000, 0x0000000731c00000, 0x0000000731c00000|100%| E|CS|TAMS 0x0000000731a00000| PB 0x0000000731a00000| Complete 
| 398|0x0000000731c00000, 0x0000000731e00000, 0x0000000731e00000|100%| E|CS|TAMS 0x0000000731c00000| PB 0x0000000731c00000| Complete 
| 399|0x0000000731e00000, 0x0000000732000000, 0x0000000732000000|100%| E|CS|TAMS 0x0000000731e00000| PB 0x0000000731e00000| Complete 
| 400|0x0000000732000000, 0x0000000732200000, 0x0000000732200000|100%| E|CS|TAMS 0x0000000732000000| PB 0x0000000732000000| Complete 
| 401|0x0000000732200000, 0x0000000732400000, 0x0000000732400000|100%| E|CS|TAMS 0x0000000732200000| PB 0x0000000732200000| Complete 
| 402|0x0000000732400000, 0x0000000732600000, 0x0000000732600000|100%| E|CS|TAMS 0x0000000732400000| PB 0x0000000732400000| Complete 
| 403|0x0000000732600000, 0x0000000732800000, 0x0000000732800000|100%| E|CS|TAMS 0x0000000732600000| PB 0x0000000732600000| Complete 
| 404|0x0000000732800000, 0x0000000732a00000, 0x0000000732a00000|100%| E|CS|TAMS 0x0000000732800000| PB 0x0000000732800000| Complete 
| 405|0x0000000732a00000, 0x0000000732c00000, 0x0000000732c00000|100%| E|CS|TAMS 0x0000000732a00000| PB 0x0000000732a00000| Complete 
| 406|0x0000000732c00000, 0x0000000732e00000, 0x0000000732e00000|100%| E|CS|TAMS 0x0000000732c00000| PB 0x0000000732c00000| Complete 
| 407|0x0000000732e00000, 0x0000000733000000, 0x0000000733000000|100%| E|CS|TAMS 0x0000000732e00000| PB 0x0000000732e00000| Complete 
| 408|0x0000000733000000, 0x0000000733200000, 0x0000000733200000|100%| E|CS|TAMS 0x0000000733000000| PB 0x0000000733000000| Complete 
| 409|0x0000000733200000, 0x0000000733400000, 0x0000000733400000|100%| E|CS|TAMS 0x0000000733200000| PB 0x0000000733200000| Complete 
| 410|0x0000000733400000, 0x0000000733600000, 0x0000000733600000|100%| E|CS|TAMS 0x0000000733400000| PB 0x0000000733400000| Complete 
| 411|0x0000000733600000, 0x0000000733800000, 0x0000000733800000|100%| E|CS|TAMS 0x0000000733600000| PB 0x0000000733600000| Complete 
| 412|0x0000000733800000, 0x0000000733a00000, 0x0000000733a00000|100%| E|CS|TAMS 0x0000000733800000| PB 0x0000000733800000| Complete 
| 413|0x0000000733a00000, 0x0000000733c00000, 0x0000000733c00000|100%| E|CS|TAMS 0x0000000733a00000| PB 0x0000000733a00000| Complete 
| 414|0x0000000733c00000, 0x0000000733e00000, 0x0000000733e00000|100%| E|CS|TAMS 0x0000000733c00000| PB 0x0000000733c00000| Complete 
| 415|0x0000000733e00000, 0x0000000734000000, 0x0000000734000000|100%| E|CS|TAMS 0x0000000733e00000| PB 0x0000000733e00000| Complete 
| 416|0x0000000734000000, 0x0000000734200000, 0x0000000734200000|100%| E|CS|TAMS 0x0000000734000000| PB 0x0000000734000000| Complete 
| 417|0x0000000734200000, 0x0000000734400000, 0x0000000734400000|100%| E|CS|TAMS 0x0000000734200000| PB 0x0000000734200000| Complete 
| 418|0x0000000734400000, 0x0000000734600000, 0x0000000734600000|100%| E|CS|TAMS 0x0000000734400000| PB 0x0000000734400000| Complete 
| 419|0x0000000734600000, 0x0000000734800000, 0x0000000734800000|100%| E|CS|TAMS 0x0000000734600000| PB 0x0000000734600000| Complete 
| 420|0x0000000734800000, 0x0000000734a00000, 0x0000000734a00000|100%| E|CS|TAMS 0x0000000734800000| PB 0x0000000734800000| Complete 
| 421|0x0000000734a00000, 0x0000000734c00000, 0x0000000734c00000|100%| E|CS|TAMS 0x0000000734a00000| PB 0x0000000734a00000| Complete 
| 422|0x0000000734c00000, 0x0000000734e00000, 0x0000000734e00000|100%| E|CS|TAMS 0x0000000734c00000| PB 0x0000000734c00000| Complete 
| 423|0x0000000734e00000, 0x0000000735000000, 0x0000000735000000|100%| E|CS|TAMS 0x0000000734e00000| PB 0x0000000734e00000| Complete 
| 424|0x0000000735000000, 0x0000000735200000, 0x0000000735200000|100%| E|CS|TAMS 0x0000000735000000| PB 0x0000000735000000| Complete 
| 425|0x0000000735200000, 0x0000000735400000, 0x0000000735400000|100%| E|CS|TAMS 0x0000000735200000| PB 0x0000000735200000| Complete 
| 426|0x0000000735400000, 0x0000000735600000, 0x0000000735600000|100%| E|CS|TAMS 0x0000000735400000| PB 0x0000000735400000| Complete 
| 427|0x0000000735600000, 0x0000000735800000, 0x0000000735800000|100%| E|CS|TAMS 0x0000000735600000| PB 0x0000000735600000| Complete 
| 428|0x0000000735800000, 0x0000000735a00000, 0x0000000735a00000|100%| E|CS|TAMS 0x0000000735800000| PB 0x0000000735800000| Complete 
| 429|0x0000000735a00000, 0x0000000735c00000, 0x0000000735c00000|100%| E|CS|TAMS 0x0000000735a00000| PB 0x0000000735a00000| Complete 
| 430|0x0000000735c00000, 0x0000000735e00000, 0x0000000735e00000|100%| E|CS|TAMS 0x0000000735c00000| PB 0x0000000735c00000| Complete 
| 431|0x0000000735e00000, 0x0000000736000000, 0x0000000736000000|100%| E|CS|TAMS 0x0000000735e00000| PB 0x0000000735e00000| Complete 
| 432|0x0000000736000000, 0x0000000736200000, 0x0000000736200000|100%| E|CS|TAMS 0x0000000736000000| PB 0x0000000736000000| Complete 
| 433|0x0000000736200000, 0x0000000736400000, 0x0000000736400000|100%| E|CS|TAMS 0x0000000736200000| PB 0x0000000736200000| Complete 
| 434|0x0000000736400000, 0x0000000736600000, 0x0000000736600000|100%| E|CS|TAMS 0x0000000736400000| PB 0x0000000736400000| Complete 
| 435|0x0000000736600000, 0x0000000736800000, 0x0000000736800000|100%| E|CS|TAMS 0x0000000736600000| PB 0x0000000736600000| Complete 
| 436|0x0000000736800000, 0x0000000736a00000, 0x0000000736a00000|100%| E|CS|TAMS 0x0000000736800000| PB 0x0000000736800000| Complete 
| 437|0x0000000736a00000, 0x0000000736c00000, 0x0000000736c00000|100%| E|CS|TAMS 0x0000000736a00000| PB 0x0000000736a00000| Complete 
| 438|0x0000000736c00000, 0x0000000736e00000, 0x0000000736e00000|100%| E|CS|TAMS 0x0000000736c00000| PB 0x0000000736c00000| Complete 
| 439|0x0000000736e00000, 0x0000000737000000, 0x0000000737000000|100%| E|CS|TAMS 0x0000000736e00000| PB 0x0000000736e00000| Complete 
| 440|0x0000000737000000, 0x0000000737200000, 0x0000000737200000|100%| E|CS|TAMS 0x0000000737000000| PB 0x0000000737000000| Complete 
| 441|0x0000000737200000, 0x0000000737400000, 0x0000000737400000|100%| E|CS|TAMS 0x0000000737200000| PB 0x0000000737200000| Complete 
| 442|0x0000000737400000, 0x0000000737600000, 0x0000000737600000|100%| E|CS|TAMS 0x0000000737400000| PB 0x0000000737400000| Complete 
| 443|0x0000000737600000, 0x0000000737800000, 0x0000000737800000|100%| E|CS|TAMS 0x0000000737600000| PB 0x0000000737600000| Complete 
| 444|0x0000000737800000, 0x0000000737a00000, 0x0000000737a00000|100%| E|CS|TAMS 0x0000000737800000| PB 0x0000000737800000| Complete 
|2043|0x00000007ff600000, 0x00000007ff800000, 0x00000007ff800000|100%| O|  |TAMS 0x00000007ff600000| PB 0x00000007ff600000| Untracked 
|2044|0x00000007ff800000, 0x00000007ffa00000, 0x00000007ffa00000|100%| O|  |TAMS 0x00000007ff800000| PB 0x00000007ff800000| Untracked 
|2045|0x00000007ffa00000, 0x00000007ffc00000, 0x00000007ffc00000|100%| O|  |TAMS 0x00000007ffa00000| PB 0x00000007ffa00000| Untracked 
|2046|0x00000007ffc00000, 0x00000007ffe00000, 0x00000007ffe00000|100%| O|  |TAMS 0x00000007ffc00000| PB 0x00000007ffc00000| Untracked 
|2047|0x00000007ffe00000, 0x0000000800000000, 0x0000000800000000|100%| O|  |TAMS 0x00000007ffe00000| PB 0x00000007ffe00000| Untracked 

Card table byte_map: [0x00000208cc6e0000,0x00000208ccee0000] _byte_map_base: 0x00000208c8ee0000

Marking Bits: (CMBitMap*) 0x00000208b97f80b0
 Bits: [0x00000208ccee0000, 0x00000208d0ee0000)

Polling page: 0x00000208b75d0000

Metaspace:

Usage:
  Non-class:     65.38 MB used.
      Class:     10.80 MB used.
       Both:     76.19 MB used.

Virtual space:
  Non-class space:      128.00 MB reserved,      66.81 MB ( 52%) committed,  2 nodes.
      Class space:      832.00 MB reserved,      12.12 MB (  1%) committed,  1 nodes.
             Both:      960.00 MB reserved,      78.94 MB (  8%) committed. 

Chunk freelists:
   Non-Class:  12.47 MB
       Class:  3.71 MB
        Both:  16.18 MB

MaxMetaspaceSize: 1.00 GB
CompressedClassSpaceSize: 832.00 MB
Initial GC threshold: 21.00 MB
Current GC threshold: 131.38 MB
CDS: on
 - commit_granule_bytes: 65536.
 - commit_granule_words: 8192.
 - virtual_space_node_default_size: 8388608.
 - enlarge_chunks_in_place: 1.
 - use_allocation_guard: 0.


Internal statistics:

num_allocs_failed_limit: 12.
num_arena_births: 4742.
num_arena_deaths: 0.
num_vsnodes_births: 3.
num_vsnodes_deaths: 0.
num_space_committed: 1263.
num_space_uncommitted: 0.
num_chunks_returned_to_freelist: 12.
num_chunks_taken_from_freelist: 9222.
num_chunk_merges: 12.
num_chunk_splits: 5683.
num_chunks_enlarged: 3216.
num_inconsistent_stats: 0.

CodeHeap 'non-profiled nmethods': size=120000Kb used=16545Kb max_used=16545Kb free=103455Kb
 bounds [0x00000208c4460000, 0x00000208c5490000, 0x00000208cb990000]
CodeHeap 'profiled nmethods': size=120000Kb used=30869Kb max_used=30869Kb free=89130Kb
 bounds [0x00000208bc990000, 0x00000208be7d0000, 0x00000208c3ec0000]
CodeHeap 'non-nmethods': size=5760Kb used=2644Kb max_used=2713Kb free=3115Kb
 bounds [0x00000208c3ec0000, 0x00000208c4180000, 0x00000208c4460000]
CodeCache: size=245760Kb, used=50058Kb, max_used=50127Kb, free=195700Kb
 total_blobs=18114, nmethods=17211, adapters=806, full_count=0
Compilation: enabled, stopped_count=0, restarted_count=0

Compilation events (20 events):
Event: 85.679 Thread 0x00000208d3b5cef0 nmethod 21715 0x00000208bdf43590 code [0x00000208bdf437a0, 0x00000208bdf43e78]
Event: 85.679 Thread 0x00000208d3b5cef0 21716       3       org.gradle.execution.plan.DefaultFinalizedExecutionPlan$ExecutionQueue::hasNext (10 bytes)
Event: 85.679 Thread 0x00000208d3b5cef0 nmethod 21716 0x00000208bdabf690 code [0x00000208bdabf840, 0x00000208bdabfa20]
Event: 85.682 Thread 0x00000208d3b5cef0 21717       3       java.nio.channels.FileLock::<init> (86 bytes)
Event: 85.683 Thread 0x00000208d3b5cef0 nmethod 21717 0x00000208bccb7f10 code [0x00000208bccb8120, 0x00000208bccb8778]
Event: 85.683 Thread 0x00000208d3b5cef0 21718   !   3       sun.nio.ch.FileLockTable::removeStaleEntries (71 bytes)
Event: 85.683 Thread 0x00000208d3b5cef0 nmethod 21718 0x00000208bd641a10 code [0x00000208bd641c20, 0x00000208bd642380]
Event: 85.683 Thread 0x00000208d3b5cef0 21719       1       org.gradle.api.internal.tasks.properties.DefaultTaskProperties::getLocalStateFiles (5 bytes)
Event: 85.683 Thread 0x00000208d3b5cef0 nmethod 21719 0x00000208c5487b10 code [0x00000208c5487ca0, 0x00000208c5487d70]
Event: 85.683 Thread 0x00000208d3b5cef0 21720       1       org.gradle.api.internal.tasks.properties.DefaultTaskProperties::getDestroyableFiles (5 bytes)
Event: 85.683 Thread 0x00000208d3b5cef0 nmethod 21720 0x00000208c5487e10 code [0x00000208c5487fa0, 0x00000208c5488070]
Event: 85.683 Thread 0x00000208d3b5cef0 21721       3       org.gradle.api.internal.file.AbstractFileTree::<init> (7 bytes)
Event: 85.683 Thread 0x00000208d3b5cef0 nmethod 21721 0x00000208bce32510 code [0x00000208bce326c0, 0x00000208bce32950]
Event: 85.684 Thread 0x00000208d3b5cef0 21722       1       org.gradle.internal.properties.bean.DefaultPropertyWalker$ImplementationPropertyValue::call (5 bytes)
Event: 85.684 Thread 0x00000208d3b5cef0 nmethod 21722 0x00000208c5488110 code [0x00000208c54882a0, 0x00000208c5488370]
Event: 85.684 Thread 0x00000208d3b5cef0 21723       3       java.lang.invoke.VarHandle::acquireFence (7 bytes)
Event: 85.684 Thread 0x00000208d3b5cef0 nmethod 21723 0x00000208bcd5ef10 code [0x00000208bcd5f0a0, 0x00000208bcd5f1a8]
Event: 85.687 Thread 0x00000208d3b59910 21724       4       org.gradle.api.internal.artifacts.ivyservice.modulecache.ModuleMetadataCacheEntry::configure (17 bytes)
Event: 85.690 Thread 0x00000208d3b5cef0 21726       2       org.gradle.api.internal.artifacts.ivyservice.modulecache.StringDeduplicatingDecoder::close (13 bytes)
Event: 85.691 Thread 0x00000208d3b5cef0 nmethod 21726 0x00000208bdf5b190 code [0x00000208bdf5b340, 0x00000208bdf5b4d0]

GC Heap History (20 events):
Event: 68.894 GC heap before
{Heap before GC invocations=85 (full 0):
 garbage-first heap   total 686080K, used 579237K [0x0000000700000000, 0x0000000800000000)
  region size 2048K, 95 young (194560K), 11 survivors (22528K)
 Metaspace       used 77236K, committed 80000K, reserved 983040K
  class space    used 11056K, committed 12416K, reserved 851968K
}
Event: 68.908 GC heap after
{Heap after GC invocations=86 (full 0):
 garbage-first heap   total 686080K, used 425668K [0x0000000700000000, 0x0000000800000000)
  region size 2048K, 12 young (24576K), 12 survivors (24576K)
 Metaspace       used 77236K, committed 80000K, reserved 983040K
  class space    used 11056K, committed 12416K, reserved 851968K
}
Event: 70.336 GC heap before
{Heap before GC invocations=86 (full 0):
 garbage-first heap   total 686080K, used 632516K [0x0000000700000000, 0x0000000800000000)
  region size 2048K, 114 young (233472K), 12 survivors (24576K)
 Metaspace       used 77345K, committed 80128K, reserved 983040K
  class space    used 11059K, committed 12416K, reserved 851968K
}
Event: 70.357 GC heap after
{Heap after GC invocations=87 (full 0):
 garbage-first heap   total 686080K, used 438272K [0x0000000700000000, 0x0000000800000000)
  region size 2048K, 15 young (30720K), 15 survivors (30720K)
 Metaspace       used 77345K, committed 80128K, reserved 983040K
  class space    used 11059K, committed 12416K, reserved 851968K
}
Event: 71.585 GC heap before
{Heap before GC invocations=87 (full 0):
 garbage-first heap   total 686080K, used 624640K [0x0000000700000000, 0x0000000800000000)
  region size 2048K, 107 young (219136K), 15 survivors (30720K)
 Metaspace       used 77371K, committed 80192K, reserved 983040K
  class space    used 11059K, committed 12416K, reserved 851968K
}
Event: 71.603 GC heap after
{Heap after GC invocations=88 (full 0):
 garbage-first heap   total 686080K, used 459351K [0x0000000700000000, 0x0000000800000000)
  region size 2048K, 9 young (18432K), 9 survivors (18432K)
 Metaspace       used 77371K, committed 80192K, reserved 983040K
  class space    used 11059K, committed 12416K, reserved 851968K
}
Event: 72.845 GC heap before
{Heap before GC invocations=89 (full 0):
 garbage-first heap   total 768000K, used 631383K [0x0000000700000000, 0x0000000800000000)
  region size 2048K, 94 young (192512K), 9 survivors (18432K)
 Metaspace       used 77390K, committed 80192K, reserved 983040K
  class space    used 11059K, committed 12416K, reserved 851968K
}
Event: 72.856 GC heap after
{Heap after GC invocations=90 (full 0):
 garbage-first heap   total 768000K, used 471040K [0x0000000700000000, 0x0000000800000000)
  region size 2048K, 6 young (12288K), 6 survivors (12288K)
 Metaspace       used 77390K, committed 80192K, reserved 983040K
  class space    used 11059K, committed 12416K, reserved 851968K
}
Event: 75.429 GC heap before
{Heap before GC invocations=90 (full 0):
 garbage-first heap   total 768000K, used 700416K [0x0000000700000000, 0x0000000800000000)
  region size 2048K, 119 young (243712K), 6 survivors (12288K)
 Metaspace       used 77521K, committed 80256K, reserved 983040K
  class space    used 11061K, committed 12416K, reserved 851968K
}
Event: 75.451 GC heap after
{Heap after GC invocations=91 (full 0):
 garbage-first heap   total 768000K, used 489472K [0x0000000700000000, 0x0000000800000000)
  region size 2048K, 15 young (30720K), 15 survivors (30720K)
 Metaspace       used 77521K, committed 80256K, reserved 983040K
  class space    used 11061K, committed 12416K, reserved 851968K
}
Event: 76.801 GC heap before
{Heap before GC invocations=91 (full 0):
 garbage-first heap   total 768000K, used 698368K [0x0000000700000000, 0x0000000800000000)
  region size 2048K, 118 young (241664K), 15 survivors (30720K)
 Metaspace       used 77554K, committed 80320K, reserved 983040K
  class space    used 11061K, committed 12416K, reserved 851968K
}
Event: 76.820 GC heap after
{Heap after GC invocations=92 (full 0):
 garbage-first heap   total 768000K, used 506886K [0x0000000700000000, 0x0000000800000000)
  region size 2048K, 8 young (16384K), 8 survivors (16384K)
 Metaspace       used 77554K, committed 80320K, reserved 983040K
  class space    used 11061K, committed 12416K, reserved 851968K
}
Event: 78.074 GC heap before
{Heap before GC invocations=93 (full 0):
 garbage-first heap   total 847872K, used 707590K [0x0000000700000000, 0x0000000800000000)
  region size 2048K, 107 young (219136K), 8 survivors (16384K)
 Metaspace       used 77582K, committed 80320K, reserved 983040K
  class space    used 11061K, committed 12416K, reserved 851968K
}
Event: 78.084 GC heap after
{Heap after GC invocations=94 (full 0):
 garbage-first heap   total 847872K, used 520118K [0x0000000700000000, 0x0000000800000000)
  region size 2048K, 14 young (28672K), 14 survivors (28672K)
 Metaspace       used 77582K, committed 80320K, reserved 983040K
  class space    used 11061K, committed 12416K, reserved 851968K
}
Event: 80.452 GC heap before
{Heap before GC invocations=94 (full 0):
 garbage-first heap   total 847872K, used 772022K [0x0000000700000000, 0x0000000800000000)
  region size 2048K, 138 young (282624K), 14 survivors (28672K)
 Metaspace       used 77696K, committed 80512K, reserved 983040K
  class space    used 11061K, committed 12416K, reserved 851968K
}
Event: 80.474 GC heap after
{Heap after GC invocations=95 (full 0):
 garbage-first heap   total 847872K, used 532381K [0x0000000700000000, 0x0000000800000000)
  region size 2048K, 18 young (36864K), 18 survivors (36864K)
 Metaspace       used 77696K, committed 80512K, reserved 983040K
  class space    used 11061K, committed 12416K, reserved 851968K
}
Event: 81.791 GC heap before
{Heap before GC invocations=95 (full 0):
 garbage-first heap   total 847872K, used 771997K [0x0000000700000000, 0x0000000800000000)
  region size 2048K, 136 young (278528K), 18 survivors (36864K)
 Metaspace       used 77861K, committed 80704K, reserved 983040K
  class space    used 11061K, committed 12416K, reserved 851968K
}
Event: 81.811 GC heap after
{Heap after GC invocations=96 (full 0):
 garbage-first heap   total 847872K, used 552867K [0x0000000700000000, 0x0000000800000000)
  region size 2048K, 9 young (18432K), 9 survivors (18432K)
 Metaspace       used 77861K, committed 80704K, reserved 983040K
  class space    used 11061K, committed 12416K, reserved 851968K
}
Event: 83.295 GC heap before
{Heap before GC invocations=97 (full 0):
 garbage-first heap   total 921600K, used 780195K [0x0000000700000000, 0x0000000800000000)
  region size 2048K, 121 young (247808K), 9 survivors (18432K)
 Metaspace       used 77974K, committed 80768K, reserved 983040K
  class space    used 11063K, committed 12416K, reserved 851968K
}
Event: 83.306 GC heap after
{Heap after GC invocations=98 (full 0):
 garbage-first heap   total 921600K, used 564757K [0x0000000700000000, 0x0000000800000000)
  region size 2048K, 15 young (30720K), 15 survivors (30720K)
 Metaspace       used 77974K, committed 80768K, reserved 983040K
  class space    used 11063K, committed 12416K, reserved 851968K
}

Dll operation events (14 events):
Event: 0.020 Loaded shared library C:\Users\zakar\.vscode\extensions\redhat.java-1.55.0-win32-x64\jre\21.0.11-win32-x86_64\bin\java.dll
Event: 0.124 Loaded shared library C:\Users\zakar\.vscode\extensions\redhat.java-1.55.0-win32-x64\jre\21.0.11-win32-x86_64\bin\zip.dll
Event: 0.155 Loaded shared library C:\Users\zakar\.vscode\extensions\redhat.java-1.55.0-win32-x64\jre\21.0.11-win32-x86_64\bin\instrument.dll
Event: 0.163 Loaded shared library C:\Users\zakar\.vscode\extensions\redhat.java-1.55.0-win32-x64\jre\21.0.11-win32-x86_64\bin\net.dll
Event: 0.168 Loaded shared library C:\Users\zakar\.vscode\extensions\redhat.java-1.55.0-win32-x64\jre\21.0.11-win32-x86_64\bin\nio.dll
Event: 0.172 Loaded shared library C:\Users\zakar\.vscode\extensions\redhat.java-1.55.0-win32-x64\jre\21.0.11-win32-x86_64\bin\zip.dll
Event: 0.680 Loaded shared library C:\Users\zakar\.vscode\extensions\redhat.java-1.55.0-win32-x64\jre\21.0.11-win32-x86_64\bin\jimage.dll
Event: 0.919 Loaded shared library C:\Users\zakar\.vscode\extensions\redhat.java-1.55.0-win32-x64\jre\21.0.11-win32-x86_64\bin\verify.dll
Event: 1.139 Loaded shared library C:\Users\zakar\.gradle\native\c067742578af261105cb4f569cf0c3c89f3d7b1fecec35dd04571415982c5e48\windows-amd64\native-platform.dll
Event: 1.154 Loaded shared library C:\Users\zakar\.gradle\native\100fb08df4bc3b14c8652ba06237920a3bd2aa13389f12d3474272988ae205f9\windows-amd64\native-platform-file-events.dll
Event: 3.861 Loaded shared library C:\Users\zakar\.vscode\extensions\redhat.java-1.55.0-win32-x64\jre\21.0.11-win32-x86_64\bin\management.dll
Event: 3.867 Loaded shared library C:\Users\zakar\.vscode\extensions\redhat.java-1.55.0-win32-x64\jre\21.0.11-win32-x86_64\bin\management_ext.dll
Event: 4.427 Loaded shared library C:\Users\zakar\.vscode\extensions\redhat.java-1.55.0-win32-x64\jre\21.0.11-win32-x86_64\bin\extnet.dll
Event: 5.079 Loaded shared library C:\Users\zakar\.vscode\extensions\redhat.java-1.55.0-win32-x64\jre\21.0.11-win32-x86_64\bin\sunmscapi.dll

Deoptimization events (20 events):
Event: 75.910 Thread 0x00000208d8ec9960 DEOPT PACKING pc=0x00000208c5381be4 sp=0x0000008d8e5eac00
Event: 75.910 Thread 0x00000208d8ec9960 DEOPT UNPACKING pc=0x00000208c3f14422 sp=0x0000008d8e5eab90 mode 2
Event: 75.911 Thread 0x00000208d8ec9960 Uncommon trap: trap_request=0xffffffbe fr.pc=0x00000208c5381be4 relative=0x00000000000003c4
Event: 75.911 Thread 0x00000208d8ec9960 Uncommon trap: reason=profile_predicate action=maybe_recompile pc=0x00000208c5381be4 method=org.gradle.internal.problems.failure.DefaultFailure.indexOfStackFrame(ILorg/gradle/internal/problems/failure/StackFramePredicate;)I @ 16 c2
Event: 75.911 Thread 0x00000208d8ec9960 DEOPT PACKING pc=0x00000208c5381be4 sp=0x0000008d8e5eaa20
Event: 75.911 Thread 0x00000208d8ec9960 DEOPT UNPACKING pc=0x00000208c3f14422 sp=0x0000008d8e5ea9b0 mode 2
Event: 78.596 Thread 0x00000208d8ec9960 Uncommon trap: trap_request=0xffffff45 fr.pc=0x00000208c4e0ad5c relative=0x0000000000000efc
Event: 78.596 Thread 0x00000208d8ec9960 Uncommon trap: reason=unstable_if action=reinterpret pc=0x00000208c4e0ad5c method=it.unimi.dsi.fastutil.objects.ReferenceOpenHashSet.shiftKeys(I)V @ 50 c2
Event: 78.597 Thread 0x00000208d8ec9960 DEOPT PACKING pc=0x00000208c4e0ad5c sp=0x0000008d8e5fb420
Event: 78.597 Thread 0x00000208d8ec9960 DEOPT UNPACKING pc=0x00000208c3f14422 sp=0x0000008d8e5fb1c8 mode 2
Event: 80.004 Thread 0x00000208d8ec9960 Uncommon trap: trap_request=0xffffff76 fr.pc=0x00000208c4b264bc relative=0x0000000000000cdc
Event: 80.004 Thread 0x00000208d8ec9960 Uncommon trap: reason=predicate action=maybe_recompile pc=0x00000208c4b264bc method=it.unimi.dsi.fastutil.objects.Object2IntOpenHashMap.getInt(Ljava/lang/Object;)I @ 92 c2
Event: 80.004 Thread 0x00000208d8ec9960 DEOPT PACKING pc=0x00000208c4b264bc sp=0x0000008d8e5f7c30
Event: 80.004 Thread 0x00000208d8ec9960 DEOPT UNPACKING pc=0x00000208c3f14422 sp=0x0000008d8e5f79c8 mode 2
Event: 83.587 Thread 0x00000208d8ec9960 DEOPT PACKING pc=0x00000208bda28f54 sp=0x0000008d8e5f6fd0
Event: 83.587 Thread 0x00000208d8ec9960 DEOPT UNPACKING pc=0x00000208c3f14bc2 sp=0x0000008d8e5f6588 mode 0
Event: 83.985 Thread 0x00000208da3e69c0 Uncommon trap: trap_request=0xffffff45 fr.pc=0x00000208c4dc7cd8 relative=0x0000000000000298
Event: 83.985 Thread 0x00000208da3e69c0 Uncommon trap: reason=unstable_if action=reinterpret pc=0x00000208c4dc7cd8 method=java.util.concurrent.locks.AbstractQueuedSynchronizer.tryInitializeHead()Ljava/util/concurrent/locks/AbstractQueuedSynchronizer$Node; @ 56 c2
Event: 83.985 Thread 0x00000208da3e69c0 DEOPT PACKING pc=0x00000208c4dc7cd8 sp=0x0000008d8e4ff100
Event: 83.985 Thread 0x00000208da3e69c0 DEOPT UNPACKING pc=0x00000208c3f14422 sp=0x0000008d8e4ff0a0 mode 2

Classes loaded (20 events):
Event: 30.214 Loading class java/util/LinkedHashMap$LinkedHashIteratorCustomizer
Event: 30.214 Loading class java/util/LinkedHashMap$LinkedHashIteratorCustomizer done
Event: 30.215 Loading class java/util/LinkedHashMap$LinkedKeyIteratorCustomizer
Event: 30.215 Loading class java/util/LinkedHashMap$LinkedKeyIteratorCustomizer done
Event: 30.215 Loading class java/util/LinkedHashMap$LinkedKeyIteratorCustomizer
Event: 30.215 Loading class java/util/LinkedHashMap$LinkedKeyIteratorCustomizer done
Event: 30.506 Loading class java/nio/file/StandardCopyOption
Event: 30.506 Loading class java/nio/file/StandardCopyOption done
Event: 30.506 Loading class sun/nio/fs/WindowsFileCopy
Event: 30.507 Loading class sun/nio/fs/WindowsFileCopy done
Event: 30.596 Loading class java/time/Instant$1
Event: 30.596 Loading class java/time/Instant$1 done
Event: 30.642 Loading class java/util/concurrent/CompletableFuture$AsyncRun
Event: 30.642 Loading class java/util/concurrent/CompletableFuture$AsyncRun done
Event: 30.959 Loading class jdk/internal/math/FormattedFPDecimal
Event: 30.959 Loading class jdk/internal/math/FormattedFPDecimal done
Event: 30.959 Loading class sun/text/resources/cldr/FormatData_en
Event: 30.960 Loading class sun/text/resources/cldr/FormatData_en done
Event: 38.882 Loading class java/util/logging/LogRecord
Event: 38.885 Loading class java/util/logging/LogRecord done

Classes unloaded (0 events):
No events

Classes redefined (0 events):
No events

Internal exceptions (20 events):
Event: 79.793 Thread 0x00000208d8ec9960 Exception <a 'sun/nio/fs/WindowsException'{0x0000000729ec2d58}> (0x0000000729ec2d58) 
thrown [s\src\hotspot\share\prims\jni.cpp, line 520]
Event: 79.793 Thread 0x00000208d8ec9960 Exception <a 'sun/nio/fs/WindowsException'{0x0000000729ec4128}> (0x0000000729ec4128) 
thrown [s\src\hotspot\share\prims\jni.cpp, line 520]
Event: 79.793 Thread 0x00000208d8ec9960 Exception <a 'sun/nio/fs/WindowsException'{0x0000000729ec51c8}> (0x0000000729ec51c8) 
thrown [s\src\hotspot\share\prims\jni.cpp, line 520]
Event: 79.832 Thread 0x00000208d8ec9960 Exception <a 'sun/nio/fs/WindowsException'{0x000000072981b668}> (0x000000072981b668) 
thrown [s\src\hotspot\share\prims\jni.cpp, line 520]
Event: 79.832 Thread 0x00000208d8ec9960 Exception <a 'sun/nio/fs/WindowsException'{0x000000072981cfa8}> (0x000000072981cfa8) 
thrown [s\src\hotspot\share\prims\jni.cpp, line 520]
Event: 79.832 Thread 0x00000208d8ec9960 Exception <a 'sun/nio/fs/WindowsException'{0x000000072981e8d8}> (0x000000072981e8d8) 
thrown [s\src\hotspot\share\prims\jni.cpp, line 520]
Event: 79.832 Thread 0x00000208d8ec9960 Exception <a 'sun/nio/fs/WindowsException'{0x000000072981fed8}> (0x000000072981fed8) 
thrown [s\src\hotspot\share\prims\jni.cpp, line 520]
Event: 79.923 Thread 0x00000208d8d09760 Exception <a 'sun/nio/fs/WindowsException'{0x0000000728041258}> (0x0000000728041258) 
thrown [s\src\hotspot\share\prims\jni.cpp, line 520]
Event: 79.924 Thread 0x00000208d8d09760 Exception <a 'sun/nio/fs/WindowsException'{0x00000007280431b0}> (0x00000007280431b0) 
thrown [s\src\hotspot\share\prims\jni.cpp, line 520]
Event: 79.924 Thread 0x00000208d8d09760 Exception <a 'sun/nio/fs/WindowsException'{0x0000000728044d60}> (0x0000000728044d60) 
thrown [s\src\hotspot\share\prims\jni.cpp, line 520]
Event: 79.925 Thread 0x00000208d8d09760 Exception <a 'sun/nio/fs/WindowsException'{0x000000072804d8f0}> (0x000000072804d8f0) 
thrown [s\src\hotspot\share\prims\jni.cpp, line 520]
Event: 84.030 Thread 0x00000208daccb8b0 Exception <a 'sun/nio/fs/WindowsException'{0x000000072f6ee090}> (0x000000072f6ee090) 
thrown [s\src\hotspot\share\prims\jni.cpp, line 520]
Event: 85.582 Thread 0x00000208d8ec9960 Exception <a 'sun/nio/fs/WindowsException'{0x000000072f324018}> (0x000000072f324018) 
thrown [s\src\hotspot\share\prims\jni.cpp, line 520]
Event: 85.582 Thread 0x00000208d8ec9960 Exception <a 'sun/nio/fs/WindowsException'{0x000000072f3253f8}> (0x000000072f3253f8) 
thrown [s\src\hotspot\share\prims\jni.cpp, line 520]
Event: 85.582 Thread 0x00000208d8ec9960 Exception <a 'sun/nio/fs/WindowsException'{0x000000072f3267c8}> (0x000000072f3267c8) 
thrown [s\src\hotspot\share\prims\jni.cpp, line 520]
Event: 85.582 Thread 0x00000208d8ec9960 Exception <a 'sun/nio/fs/WindowsException'{0x000000072f327868}> (0x000000072f327868) 
thrown [s\src\hotspot\share\prims\jni.cpp, line 520]
Event: 85.646 Thread 0x00000208d8ec9960 Exception <a 'sun/nio/fs/WindowsException'{0x000000072ec895a0}> (0x000000072ec895a0) 
thrown [s\src\hotspot\share\prims\jni.cpp, line 520]
Event: 85.646 Thread 0x00000208d8ec9960 Exception <a 'sun/nio/fs/WindowsException'{0x000000072ec8aee0}> (0x000000072ec8aee0) 
thrown [s\src\hotspot\share\prims\jni.cpp, line 520]
Event: 85.647 Thread 0x00000208d8ec9960 Exception <a 'sun/nio/fs/WindowsException'{0x000000072ec8c810}> (0x000000072ec8c810) 
thrown [s\src\hotspot\share\prims\jni.cpp, line 520]
Event: 85.647 Thread 0x00000208d8ec9960 Exception <a 'sun/nio/fs/WindowsException'{0x000000072ec8de10}> (0x000000072ec8de10) 
thrown [s\src\hotspot\share\prims\jni.cpp, line 520]

ZGC Phase Switch (0 events):
No events

VM Operations (20 events):
Event: 80.093 Executing safepoint VM operation: Cleanup
Event: 80.093 Executing safepoint VM operation: Cleanup done
Event: 80.452 Executing safepoint VM operation: G1CollectForAllocation (G1 Evacuation Pause)
Event: 80.474 Executing safepoint VM operation: G1CollectForAllocation (G1 Evacuation Pause) done
Event: 81.483 Executing safepoint VM operation: Cleanup
Event: 81.483 Executing safepoint VM operation: Cleanup done
Event: 81.791 Executing safepoint VM operation: G1CollectForAllocation (G1 Evacuation Pause)
Event: 81.811 Executing safepoint VM operation: G1CollectForAllocation (G1 Evacuation Pause) done
Event: 82.299 Executing safepoint VM operation: G1PauseRemark
Event: 82.310 Executing safepoint VM operation: G1PauseRemark done
Event: 82.591 Executing safepoint VM operation: G1PauseCleanup
Event: 82.591 Executing safepoint VM operation: G1PauseCleanup done
Event: 83.295 Executing safepoint VM operation: G1CollectForAllocation (G1 Evacuation Pause)
Event: 83.306 Executing safepoint VM operation: G1CollectForAllocation (G1 Evacuation Pause) done
Event: 84.316 Executing safepoint VM operation: Cleanup
Event: 84.316 Executing safepoint VM operation: Cleanup done
Event: 85.320 Executing safepoint VM operation: Cleanup
Event: 85.570 Executing safepoint VM operation: Cleanup done
Event: 86.573 Executing safepoint VM operation: Cleanup
Event: 87.747 Executing safepoint VM operation: Cleanup done

Memory protections (0 events):
No events

Nmethod flushes (20 events):
Event: 82.308 Thread 0x00000208d3b2b210 flushing  nmethod 0x00000208be507390
Event: 82.308 Thread 0x00000208d3b2b210 flushing  nmethod 0x00000208bc9fa410
Event: 82.308 Thread 0x00000208d3b2b210 flushing  nmethod 0x00000208bcce1090
Event: 82.308 Thread 0x00000208d3b2b210 flushing  nmethod 0x00000208bcfd1e10
Event: 82.308 Thread 0x00000208d3b2b210 flushing  nmethod 0x00000208bd320510
Event: 82.308 Thread 0x00000208d3b2b210 flushing  nmethod 0x00000208bd3aad90
Event: 82.308 Thread 0x00000208d3b2b210 flushing  nmethod 0x00000208bdb0ce90
Event: 82.308 Thread 0x00000208d3b2b210 flushing  nmethod 0x00000208bdd27790
Event: 82.308 Thread 0x00000208d3b2b210 flushing  nmethod 0x00000208bdeeb090
Event: 82.308 Thread 0x00000208d3b2b210 flushing  nmethod 0x00000208bca80190
Event: 82.309 Thread 0x00000208d3b2b210 flushing  nmethod 0x00000208bd4ef210
Event: 82.309 Thread 0x00000208d3b2b210 flushing  nmethod 0x00000208bd737390
Event: 82.309 Thread 0x00000208d3b2b210 flushing  nmethod 0x00000208bd808490
Event: 82.309 Thread 0x00000208d3b2b210 flushing  nmethod 0x00000208bda18910
Event: 82.309 Thread 0x00000208d3b2b210 flushing  nmethod 0x00000208bda58690
Event: 82.309 Thread 0x00000208d3b2b210 flushing  nmethod 0x00000208bda5e490
Event: 82.309 Thread 0x00000208d3b2b210 flushing  nmethod 0x00000208bdd08790
Event: 82.309 Thread 0x00000208d3b2b210 flushing  nmethod 0x00000208be032990
Event: 82.309 Thread 0x00000208d3b2b210 flushing  nmethod 0x00000208be23f490
Event: 82.309 Thread 0x00000208d3b2b210 flushing  nmethod 0x00000208be23f790

Events (20 events):
Event: 85.679 Thread 0x00000208d8d0f9d0 Thread added: 0x00000208d8d0df90
Event: 85.679 Thread 0x00000208d8d0f9d0 Thread added: 0x00000208d8d106f0
Event: 85.679 Thread 0x00000208d8d0f9d0 Thread added: 0x00000208d8d0d900
Event: 85.679 Thread 0x00000208d8d0f9d0 Thread added: 0x00000208d8d11410
Event: 85.679 Thread 0x00000208d8d0f9d0 Thread added: 0x00000208d8d11aa0
Event: 85.679 Thread 0x00000208d8d0f9d0 Thread added: 0x00000208d8d12130
Event: 85.679 Thread 0x00000208d8d0f9d0 Thread added: 0x00000208d8d0ecb0
Event: 85.679 Thread 0x00000208d8d0f9d0 Thread added: 0x00000208d8d155b0
Event: 85.680 Thread 0x00000208d8d0e620 Thread added: 0x00000208d8d14200
Event: 85.712 Thread 0x00000208d8d0e620 Thread added: 0x00000208d8d13b70
Event: 85.713 Thread 0x00000208d8d0e620 Thread added: 0x00000208d8d15c40
Event: 85.713 Thread 0x00000208d8d0e620 Thread added: 0x00000208d8d127c0
Event: 85.713 Thread 0x00000208d8d0e620 Thread added: 0x00000208d8d14f20
Event: 85.713 Thread 0x00000208d8d0e620 Thread added: 0x00000208d8d14890
Event: 85.713 Thread 0x00000208d8d0e620 Thread added: 0x00000208d8d162d0
Event: 85.713 Thread 0x00000208d8d0e620 Thread added: 0x00000208d8d12e50
Event: 85.713 Thread 0x00000208d8d0e620 Thread added: 0x00000208d8d134e0
Event: 85.713 Thread 0x00000208d8d0e620 Thread added: 0x00000208e00f4c10
Event: 85.713 Thread 0x00000208d8d0e620 Thread added: 0x00000208e00f5fc0
Event: 86.716 Thread 0x00000208d8d0e620 Thread added: 0x00000208e00f5930


Dynamic libraries:
0x00007ff7b1f20000 - 0x00007ff7b1f2e000 	C:\Users\zakar\.vscode\extensions\redhat.java-1.55.0-win32-x64\jre\21.0.11-win32-x86_64\bin\java.exe
0x00007ffeaa8e0000 - 0x00007ffeaab46000 	C:\windows\SYSTEM32\ntdll.dll
0x00007ffea89f0000 - 0x00007ffea8ab9000 	C:\windows\System32\KERNEL32.DLL
0x00007ffea7c80000 - 0x00007ffea807e000 	C:\windows\System32\KERNELBASE.dll
0x00007ffea82c0000 - 0x00007ffea840c000 	C:\windows\System32\ucrtbase.dll
0x00007ffe845b0000 - 0x00007ffe845c8000 	C:\Users\zakar\.vscode\extensions\redhat.java-1.55.0-win32-x64\jre\21.0.11-win32-x86_64\bin\jli.dll
0x00007ffea8620000 - 0x00007ffea87e7000 	C:\windows\System32\USER32.dll
0x00007ffea7b00000 - 0x00007ffea7b27000 	C:\windows\System32\win32u.dll
0x00007ffeaa040000 - 0x00007ffeaa06b000 	C:\windows\System32\GDI32.dll
0x00007ffea84e0000 - 0x00007ffea860a000 	C:\windows\System32\gdi32full.dll
0x00007ffea8210000 - 0x00007ffea82b3000 	C:\windows\System32\msvcp_win.dll
0x00007ffe819b0000 - 0x00007ffe819ce000 	C:\Users\zakar\.vscode\extensions\redhat.java-1.55.0-win32-x64\jre\21.0.11-win32-x86_64\bin\VCRUNTIME140.dll
0x00007ffe8c490000 - 0x00007ffe8c722000 	C:\windows\WinSxS\amd64_microsoft.windows.common-controls_6595b64144ccf1df_6.0.26100.8875_none_3e0d5d42e32fe9dd\COMCTL32.dll
0x00007ffea8ac0000 - 0x00007ffea8b69000 	C:\windows\System32\msvcrt.dll
0x00007ffeaa280000 - 0x00007ffeaa2b2000 	C:\windows\System32\IMM32.DLL
0x00007ffe9f7a0000 - 0x00007ffe9f7ac000 	C:\Users\zakar\.vscode\extensions\redhat.java-1.55.0-win32-x64\jre\21.0.11-win32-x86_64\bin\vcruntime140_1.dll
0x00007ffe624d0000 - 0x00007ffe6255d000 	C:\Users\zakar\.vscode\extensions\redhat.java-1.55.0-win32-x64\jre\21.0.11-win32-x86_64\bin\msvcp140.dll
0x00007ffdf82f0000 - 0x00007ffdf9092000 	C:\Users\zakar\.vscode\extensions\redhat.java-1.55.0-win32-x64\jre\21.0.11-win32-x86_64\bin\server\jvm.dll
0x00007ffea8b70000 - 0x00007ffea8c27000 	C:\windows\System32\ADVAPI32.dll
0x00007ffeaa750000 - 0x00007ffeaa7fa000 	C:\windows\System32\sechost.dll
0x00007ffeaa0c0000 - 0x00007ffeaa1d8000 	C:\windows\System32\RPCRT4.dll
0x00007ffea97a0000 - 0x00007ffea9820000 	C:\windows\System32\WS2_32.dll
0x00007ffea7950000 - 0x00007ffea79ae000 	C:\windows\SYSTEM32\POWRPROF.dll
0x00007ffe9be30000 - 0x00007ffe9be3b000 	C:\windows\SYSTEM32\VERSION.dll
0x00007ffea43c0000 - 0x00007ffea43f6000 	C:\windows\SYSTEM32\WINMM.dll
0x00007ffea7930000 - 0x00007ffea7944000 	C:\windows\SYSTEM32\UMPDC.dll
0x00007ffea6740000 - 0x00007ffea675b000 	C:\windows\SYSTEM32\kernel.appcore.dll
0x00007ffe9f780000 - 0x00007ffe9f78a000 	C:\Users\zakar\.vscode\extensions\redhat.java-1.55.0-win32-x64\jre\21.0.11-win32-x86_64\bin\jimage.dll
0x00007ffea4fe0000 - 0x00007ffea5222000 	C:\windows\SYSTEM32\DBGHELP.DLL
0x00007ffea9b10000 - 0x00007ffea9e93000 	C:\windows\System32\combase.dll
0x00007ffea9620000 - 0x00007ffea96f9000 	C:\windows\System32\OLEAUT32.dll
0x00007ffea4380000 - 0x00007ffea43bb000 	C:\windows\SYSTEM32\dbgcore.DLL
0x00007ffea7b30000 - 0x00007ffea7bdc000 	C:\windows\System32\bcryptPrimitives.dll
0x00007ffe95ff0000 - 0x00007ffe95fff000 	C:\Users\zakar\.vscode\extensions\redhat.java-1.55.0-win32-x64\jre\21.0.11-win32-x86_64\bin\instrument.dll
0x00007ffe7bc40000 - 0x00007ffe7bc60000 	C:\Users\zakar\.vscode\extensions\redhat.java-1.55.0-win32-x64\jre\21.0.11-win32-x86_64\bin\java.dll
0x00007ffea8e70000 - 0x00007ffea9602000 	C:\windows\System32\SHELL32.dll
0x00007ffea5560000 - 0x00007ffea5df2000 	C:\windows\SYSTEM32\windows.storage.dll
0x00007ffea9a10000 - 0x00007ffea9b07000 	C:\windows\System32\SHCORE.dll
0x00007ffea9700000 - 0x00007ffea9767000 	C:\windows\System32\shlwapi.dll
0x00007ffea7a20000 - 0x00007ffea7a49000 	C:\windows\SYSTEM32\profapi.dll
0x00007ffe73660000 - 0x00007ffe73678000 	C:\Users\zakar\.vscode\extensions\redhat.java-1.55.0-win32-x64\jre\21.0.11-win32-x86_64\bin\zip.dll
0x00007ffe95f90000 - 0x00007ffe95fa0000 	C:\Users\zakar\.vscode\extensions\redhat.java-1.55.0-win32-x64\jre\21.0.11-win32-x86_64\bin\net.dll
0x00007ffe9bd00000 - 0x00007ffe9be27000 	C:\windows\SYSTEM32\WINHTTP.dll
0x00007ffea6d30000 - 0x00007ffea6d9c000 	C:\windows\system32\mswsock.dll
0x00007ffe735b0000 - 0x00007ffe735c6000 	C:\Users\zakar\.vscode\extensions\redhat.java-1.55.0-win32-x64\jre\21.0.11-win32-x86_64\bin\nio.dll
0x00007ffe95ce0000 - 0x00007ffe95cf0000 	C:\Users\zakar\.vscode\extensions\redhat.java-1.55.0-win32-x64\jre\21.0.11-win32-x86_64\bin\verify.dll
0x00007ffe69820000 - 0x00007ffe69847000 	C:\Users\zakar\.gradle\native\c067742578af261105cb4f569cf0c3c89f3d7b1fecec35dd04571415982c5e48\windows-amd64\native-platform.dll
0x00007ffe5ac30000 - 0x00007ffe5ad74000 	C:\Users\zakar\.gradle\native\100fb08df4bc3b14c8652ba06237920a3bd2aa13389f12d3474272988ae205f9\windows-amd64\native-platform-file-events.dll
0x00007ffe95bd0000 - 0x00007ffe95bda000 	C:\Users\zakar\.vscode\extensions\redhat.java-1.55.0-win32-x64\jre\21.0.11-win32-x86_64\bin\management.dll
0x00007ffe95a10000 - 0x00007ffe95a1c000 	C:\Users\zakar\.vscode\extensions\redhat.java-1.55.0-win32-x64\jre\21.0.11-win32-x86_64\bin\management_ext.dll
0x00007ffea8610000 - 0x00007ffea8618000 	C:\windows\System32\PSAPI.DLL
0x00007ffea7160000 - 0x00007ffea717b000 	C:\windows\SYSTEM32\CRYPTSP.dll
0x00007ffea6700000 - 0x00007ffea6739000 	C:\windows\system32\rsaenh.dll
0x00007ffea6df0000 - 0x00007ffea6e22000 	C:\windows\SYSTEM32\USERENV.dll
0x00007ffea79f0000 - 0x00007ffea7a1a000 	C:\windows\SYSTEM32\bcrypt.dll
0x00007ffea6fa0000 - 0x00007ffea6fac000 	C:\windows\SYSTEM32\CRYPTBASE.dll
0x00007ffea6200000 - 0x00007ffea6233000 	C:\windows\SYSTEM32\IPHLPAPI.DLL
0x00007ffeaa890000 - 0x00007ffeaa89a000 	C:\windows\System32\NSI.dll
0x00007ffe95880000 - 0x00007ffe95889000 	C:\Users\zakar\.vscode\extensions\redhat.java-1.55.0-win32-x64\jre\21.0.11-win32-x86_64\bin\extnet.dll
0x00007ffe95490000 - 0x00007ffe9549e000 	C:\Users\zakar\.vscode\extensions\redhat.java-1.55.0-win32-x64\jre\21.0.11-win32-x86_64\bin\sunmscapi.dll
0x00007ffea8090000 - 0x00007ffea8208000 	C:\windows\System32\CRYPT32.dll
0x00007ffea72d0000 - 0x00007ffea7300000 	C:\windows\SYSTEM32\ncrypt.dll
0x00007ffea7280000 - 0x00007ffea72bf000 	C:\windows\SYSTEM32\NTASN1.dll
0x00007ffe7bef0000 - 0x00007ffe7bef8000 	C:\windows\system32\wshunix.dll

JVMTI agents:
C:\Users\zakar\.gradle\wrapper\dists\gradle-8.11.1-bin\bpt9gzteqjrbo1mjrsomdt32c\gradle-8.11.1\lib\agents\gradle-instrumentation-agent-8.11.1.jar path:C:\Users\zakar\.vscode\extensions\redhat.java-1.55.0-win32-x64\jre\21.0.11-win32-x86_64\bin\instrument.dll, loaded, initialized, instrumentlib options:none

dbghelp: loaded successfully - version: 4.0.5 - missing functions: none
symbol engine: initialized successfully - sym options: 0x614 - pdb path: .;C:\Users\zakar\.vscode\extensions\redhat.java-1.55.0-win32-x64\jre\21.0.11-win32-x86_64\bin;C:\windows\SYSTEM32;C:\windows\WinSxS\amd64_microsoft.windows.common-controls_6595b64144ccf1df_6.0.26100.8875_none_3e0d5d42e32fe9dd;C:\Users\zakar\.vscode\extensions\redhat.java-1.55.0-win32-x64\jre\21.0.11-win32-x86_64\bin\server;C:\Users\zakar\.gradle\native\c067742578af261105cb4f569cf0c3c89f3d7b1fecec35dd04571415982c5e48\windows-amd64;C:\Users\zakar\.gradle\native\100fb08df4bc3b14c8652ba06237920a3bd2aa13389f12d3474272988ae205f9\windows-amd64

VM Arguments:
jvm_args: --add-opens=java.base/java.lang=ALL-UNNAMED --add-opens=java.base/java.lang.invoke=ALL-UNNAMED --add-opens=java.base/java.util=ALL-UNNAMED --add-opens=java.prefs/java.util.prefs=ALL-UNNAMED --add-exports=jdk.compiler/com.sun.tools.javac.api=ALL-UNNAMED --add-exports=jdk.compiler/com.sun.tools.javac.util=ALL-UNNAMED --add-opens=java.base/java.util=ALL-UNNAMED --add-opens=java.prefs/java.util.prefs=ALL-UNNAMED --add-opens=java.base/java.nio.charset=ALL-UNNAMED --add-opens=java.base/java.net=ALL-UNNAMED --add-opens=java.base/java.util.concurrent.atomic=ALL-UNNAMED --add-opens=java.xml/javax.xml.namespace=ALL-UNNAMED -XX:MaxMetaspaceSize=1g -Xmx4g -Dfile.encoding=UTF-8 -Duser.country=FR -Duser.language=fr -Duser.variant -javaagent:C:\Users\zakar\.gradle\wrapper\dists\gradle-8.11.1-bin\bpt9gzteqjrbo1mjrsomdt32c\gradle-8.11.1\lib\agents\gradle-instrumentation-agent-8.11.1.jar 
java_command: org.gradle.launcher.daemon.bootstrap.GradleDaemon 8.11.1
java_class_path (initial): C:\Users\zakar\.gradle\wrapper\dists\gradle-8.11.1-bin\bpt9gzteqjrbo1mjrsomdt32c\gradle-8.11.1\lib\gradle-daemon-main-8.11.1.jar
Launcher Type: SUN_STANDARD

[Global flags]
     intx CICompilerCount                          = 4                                         {product} {ergonomic}
   size_t CompressedClassSpaceSize                 = 872415232                                 {product} {ergonomic}
     uint ConcGCThreads                            = 3                                         {product} {ergonomic}
     uint G1ConcRefinementThreads                  = 10                                        {product} {ergonomic}
   size_t G1HeapRegionSize                         = 2097152                                   {product} {ergonomic}
    uintx GCDrainStackTargetSize                   = 64                                        {product} {ergonomic}
   size_t InitialHeapSize                          = 264241152                                 {product} {ergonomic}
   size_t MarkStackSize                            = 4194304                                   {product} {ergonomic}
   size_t MaxHeapSize                              = 4294967296                                {product} {command line}
   size_t MaxMetaspaceSize                         = 1073741824                                {product} {command line}
   size_t MaxNewSize                               = 2575302656                                {product} {ergonomic}
   size_t MinHeapDeltaBytes                        = 2097152                                   {product} {ergonomic}
   size_t MinHeapSize                              = 8388608                                   {product} {ergonomic}
    uintx NonNMethodCodeHeapSize                   = 5839372                                {pd product} {ergonomic}
    uintx NonProfiledCodeHeapSize                  = 122909434                              {pd product} {ergonomic}
    uintx ProfiledCodeHeapSize                     = 122909434                              {pd product} {ergonomic}
    uintx ReservedCodeCacheSize                    = 251658240                              {pd product} {ergonomic}
     bool SegmentedCodeCache                       = true                                      {product} {ergonomic}
   size_t SoftMaxHeapSize                          = 4294967296                             {manageable} {ergonomic}
     bool UseCompressedOops                        = true                           {product lp64_product} {ergonomic}
     bool UseG1GC                                  = true                                      {product} {ergonomic}
     bool UseLargePagesIndividualAllocation        = false                                  {pd product} {ergonomic}

Logging:
Log output configuration:
 #0: stdout all=warning uptime,level,tags foldmultilines=false
 #1: stderr all=off uptime,level,tags foldmultilines=false

Release file:
JAVA_VERSION="21.0.11" 
MODULES="java.base java.compiler java.datatransfer java.xml java.prefs java.desktop java.instrument java.logging java.management java.security.sasl java.naming java.rmi java.management.rmi java.net.http java.scripting java.security.jgss java.transaction.xa java.sql java.sql.rowset java.xml.crypto java.se java.smartcardio jdk.accessibility jdk.internal.jvmstat jdk.attach jdk.charsets jdk.internal.opt jdk.zipfs jdk.compiler jdk.crypto.ec jdk.crypto.cryptoki jdk.crypto.mscapi jdk.dynalink jdk.internal.ed jdk.editpad jdk.hotspot.agent jdk.httpserver jdk.internal.le jdk.internal.vm.ci jdk.internal.vm.compiler jdk.internal.vm.compiler.management jdk.jartool jdk.javadoc jdk.jcmd jdk.management jdk.management.agent jdk.jconsole jdk.jdeps jdk.jdwp.agent jdk.jdi jdk.jfr jdk.jshell jdk.jsobject jdk.jstatd jdk.localedata jdk.management.jfr jdk.naming.dns jdk.naming.rmi jdk.net jdk.nio.mapmode jdk.random jdk.sctp jdk.security.auth jdk.security.jgss jdk.unsupported jdk.unsupported.desktop jdk.xml.dom" 

Environment Variables:
PATH=C:\Python314\Scripts\;C:\Python314\;C:\Program Files\Eclipse Adoptium\jdk-21.0.9.10-hotspot\bin;C:\windows\system32;C:\windows;C:\windows\System32\Wbem;C:\windows\System32\WindowsPowerShell\v1.0\;C:\windows\System32\OpenSSH\;C:\Program Files\dotnet\;C:\Program Files\Git\cmd;C:\Program Files\nodejs\;C:\ProgramData\chocolatey\bin;C:\Program Files\Docker\Docker\resources\bin;C:\Users\zakar\AppData\Local\Microsoft\WindowsApps;C:\Users\zakar\AppData\Local\Programs\Microsoft VS Code\bin;C:\Users\zakar\AppData\Roaming\npm;C:\Users\zakar\.local\bin;C:\Users\zakar\AppData\Local\Google\Cloud SDK\google-cloud-sdk\bin
USERNAME=zakar
OS=Windows_NT
PROCESSOR_IDENTIFIER=Intel64 Family 6 Model 186 Stepping 3, GenuineIntel
TMP=C:\Users\zakar\AppData\Local\Temp
TEMP=C:\Users\zakar\AppData\Local\Temp




Periodic native trim disabled

---------------  S Y S T E M  ---------------

OS:
 Windows 11 , 64 bit Build 26100 (10.0.26100.8875)
OS uptime: 1 days 2:24 hours
Hyper-V role detected

CPU: total 12 (initial active 12) (6 cores per cpu, 2 threads per core) family 6 model 186 stepping 3 microcode 0x6134, cx8, cmov, fxsr, ht, mmx, 3dnowpref, sse, sse2, sse3, ssse3, sse4.1, sse4.2, popcnt, lzcnt, tsc, tscinvbit, avx, avx2, aes, erms, clmul, bmi1, bmi2, adx, sha, fma, vzeroupper, clflush, clflushopt, clwb, hv, serialize, rdtscp, rdpid, fsrm, f16c, cet_ibt, cet_ss
Processor Information for the first 12 processors :
  Max Mhz: 1400, Current Mhz: 1400, Mhz Limit: 1400

Memory: 4k page, system-wide physical 16068M (3032M free)
TotalPageFile size 65220M (AvailPageFile size 28M)
current process WorkingSet (physical memory assigned to process): 1177M, peak: 1208M
current process commit charge ("private bytes"): 1222M, peak: 1260M

vm_info: OpenJDK 64-Bit Server VM (21.0.11+10-LTS) for windows-amd64 JRE (21.0.11+10-LTS), built on 2026-04-21T00:00:00Z by "admin" with MS VC++ 17.12 (VS2022)

END.
